ticker,name,weight,index,source,fetched_at
NVDA,NVIDIA CORP,8.128946,sp500,SPY holdings (SSGA),2026-08-17T09:13:37
AAPL,APPLE INC,6.678843,sp500,SPY holdings (SSGA),2026-08-17T09:13:37
MSFT,MICROSOFT CORP,5.498368,sp500,SPY holdings (SSGA),2026-08-17T09:13:37
AMZN,AMAZON.COM INC,3.866118,sp500,SPY holdings (SSGA),2026-08-17T09:13:37
GOOGL,ALPHABET INC CL A,3.025305,sp500,SPY holdings (SSGA),2026-08-17T09:13:37
AVGO,BROADCOM INC,2.946795,sp500,SPY holdings (SSGA),2026-08-17T09:13:37
GOOG,ALPHABET INC CL C,2.421464,sp500,SPY holdings (SSGA),2026-08-17T09:13:37
META,META PLATFORMS INC CLASS A,1.946225,sp500,SPY holdings (SSGA),2026-08-17T09:13:37
MU,MICRON TECHNOLOGY INC,1.595485,sp500,SPY holdings (SSGA),2026-08-17T09:13:37
JPM,JPMORGAN CHASE + CO,1.449221,sp500,SPY holdings (SSGA),2026-08-17T09:13:37
TSLA,TESLA INC,1.425583,sp500,SPY holdings (SSGA),2026-08-17T09:13:37
LLY,ELI LILLY + CO,1.422505,sp500,SPY holdings (SSGA),2026-08-17T09:13:37
BRK.B,BERKSHIRE HATHAWAY INC CL B,1.384292,sp500,SPY holdings (SSGA),2026-08-17T09:13:37
AMD,ADVANCED MICRO DEVICES,1.173086,sp500,SPY holdings (SSGA),2026-08-17T09:13:37
XOM,EXXONMOBIL HOLDINGS CORP,0.979185,sp500,SPY holdings (SSGA),2026-08-17T09:13:37
JNJ,JOHNSON + JOHNSON,0.93992,sp500,SPY holdings (SSGA),2026-08-17T09:13:37
V,VISA INC CLASS A SHARES,0.90337,sp500,SPY holdings (SSGA),2026-08-17T09:13:37
INTC,INTEL CORP,0.769231,sp500,SPY holdings (SSGA),2026-08-17T09:13:37
WMT,WALMART INC,0.755844,sp500,SPY holdings (SSGA),2026-08-17T09:13:37
MA,MASTERCARD INC   A,0.681625,sp500,SPY holdings (SSGA),2026-08-17T09:13:37
CSCO,CISCO SYSTEMS INC,0.667699,sp500,SPY holdings (SSGA),2026-08-17T09:13:37
ABBV,ABBVIE INC,0.660159,sp500,SPY holdings (SSGA),2026-08-17T09:13:37
COST,COSTCO WHOLESALE CORP,0.635695,sp500,SPY holdings (SSGA),2026-08-17T09:13:37
AMAT,APPLIED MATERIALS INC,0.631762,sp500,SPY holdings (SSGA),2026-08-17T09:13:37
LRCX,LAM RESEARCH CORP,0.627632,sp500,SPY holdings (SSGA),2026-08-17T09:13:37
BAC,BANK OF AMERICA CORP,0.623319,sp500,SPY holdings (SSGA),2026-08-17T09:13:37
PLTR,PALANTIR TECHNOLOGIES INC A,0.612221,sp500,SPY holdings (SSGA),2026-08-17T09:13:37
CAT,CATERPILLAR INC,0.586374,sp500,SPY holdings (SSGA),2026-08-17T09:13:37
GE,GENERAL ELECTRIC,0.560508,sp500,SPY holdings (SSGA),2026-08-17T09:13:37
CVX,CHEVRON CORP,0.551314,sp500,SPY holdings (SSGA),2026-08-17T09:13:37
UNH,UNITEDHEALTH GROUP INC,0.539846,sp500,SPY holdings (SSGA),2026-08-17T09:13:37
HD,HOME DEPOT INC,0.506969,sp500,SPY holdings (SSGA),2026-08-17T09:13:37
KO,COCA COLA CO/THE,0.504225,sp500,SPY holdings (SSGA),2026-08-17T09:13:37
PG,PROCTER + GAMBLE CO/THE,0.500395,sp500,SPY holdings (SSGA),2026-08-17T09:13:37
MRK,MERCK + CO. INC.,0.498527,sp500,SPY holdings (SSGA),2026-08-17T09:13:37
NFLX,NETFLIX INC,0.490747,sp500,SPY holdings (SSGA),2026-08-17T09:13:37
PANW,PALO ALTO NETWORKS INC,0.478556,sp500,SPY holdings (SSGA),2026-08-17T09:13:37
GS,GOLDMAN SACHS GROUP INC,0.458171,sp500,SPY holdings (SSGA),2026-08-17T09:13:37
RTX,RTX CORP,0.44066,sp500,SPY holdings (SSGA),2026-08-17T09:13:37
PM,PHILIP MORRIS INTERNATIONAL,0.438729,sp500,SPY holdings (SSGA),2026-08-17T09:13:37
GEV,GE VERNOVA INC,0.420064,sp500,SPY holdings (SSGA),2026-08-17T09:13:37
KLAC,KLA CORP,0.407225,sp500,SPY holdings (SSGA),2026-08-17T09:13:37
WFC,WELLS FARGO + CO,0.401782,sp500,SPY holdings (SSGA),2026-08-17T09:13:37
ORCL,ORACLE CORP,0.394855,sp500,SPY holdings (SSGA),2026-08-17T09:13:37
MS,MORGAN STANLEY,0.390083,sp500,SPY holdings (SSGA),2026-08-17T09:13:37
TXN,TEXAS INSTRUMENTS INC,0.370516,sp500,SPY holdings (SSGA),2026-08-17T09:13:37
C,CITIGROUP INC,0.352581,sp500,SPY holdings (SSGA),2026-08-17T09:13:37
CRWD,CROWDSTRIKE HOLDINGS INC   A,0.341873,sp500,SPY holdings (SSGA),2026-08-17T09:13:37
SNDK,SANDISK CORP,0.337103,sp500,SPY holdings (SSGA),2026-08-17T09:13:37
AMGN,AMGEN INC,0.33582,sp500,SPY holdings (SSGA),2026-08-17T09:13:37
IBM,INTL BUSINESS MACHINES CORP,0.332126,sp500,SPY holdings (SSGA),2026-08-17T09:13:37
TMO,THERMO FISHER SCIENTIFIC INC,0.329691,sp500,SPY holdings (SSGA),2026-08-17T09:13:37
LIN,LINDE PLC,0.329455,sp500,SPY holdings (SSGA),2026-08-17T09:13:37
ANET,ARISTA NETWORKS INC,0.313004,sp500,SPY holdings (SSGA),2026-08-17T09:13:37
STX,SEAGATE TECHNOLOGY HOLDINGS,0.307853,sp500,SPY holdings (SSGA),2026-08-17T09:13:37
APH,AMPHENOL CORP CL A,0.303575,sp500,SPY holdings (SSGA),2026-08-17T09:13:37
VZ,VERIZON COMMUNICATIONS INC,0.299745,sp500,SPY holdings (SSGA),2026-08-17T09:13:37
MRVL,MARVELL TECHNOLOGY INC,0.289872,sp500,SPY holdings (SSGA),2026-08-17T09:13:37
ABT,ABBOTT LABORATORIES,0.288523,sp500,SPY holdings (SSGA),2026-08-17T09:13:37
MCD,MCDONALD S CORP,0.287969,sp500,SPY holdings (SSGA),2026-08-17T09:13:37
PEP,PEPSICO INC,0.286116,sp500,SPY holdings (SSGA),2026-08-17T09:13:37
ADI,ANALOG DEVICES INC,0.277024,sp500,SPY holdings (SSGA),2026-08-17T09:13:37
AXP,AMERICAN EXPRESS CO,0.272261,sp500,SPY holdings (SSGA),2026-08-17T09:13:37
DIS,WALT DISNEY CO/THE,0.270908,sp500,SPY holdings (SSGA),2026-08-17T09:13:37
BA,BOEING CO/THE,0.270294,sp500,SPY holdings (SSGA),2026-08-17T09:13:37
SCHW,SCHWAB (CHARLES) CORP,0.267056,sp500,SPY holdings (SSGA),2026-08-17T09:13:37
NEE,NEXTERA ENERGY INC,0.266997,sp500,SPY holdings (SSGA),2026-08-17T09:13:37
UNP,UNION PACIFIC CORP,0.263185,sp500,SPY holdings (SSGA),2026-08-17T09:13:37
ETN,EATON CORP PLC,0.262037,sp500,SPY holdings (SSGA),2026-08-17T09:13:37
QCOM,QUALCOMM INC,0.258545,sp500,SPY holdings (SSGA),2026-08-17T09:13:37
GILD,GILEAD SCIENCES INC,0.2553,sp500,SPY holdings (SSGA),2026-08-17T09:13:37
T,AT+T INC,0.25423,sp500,SPY holdings (SSGA),2026-08-17T09:13:37
BLK,BLACKROCK INC,0.254194,sp500,SPY holdings (SSGA),2026-08-17T09:13:37
TJX,TJX COMPANIES INC,0.253182,sp500,SPY holdings (SSGA),2026-08-17T09:13:37
WDC,WESTERN DIGITAL CORP,0.250281,sp500,SPY holdings (SSGA),2026-08-17T09:13:37
WELL,WELLTOWER INC,0.246334,sp500,SPY holdings (SSGA),2026-08-17T09:13:37
BKNG,BOOKING HOLDINGS INC,0.246071,sp500,SPY holdings (SSGA),2026-08-17T09:13:37
CRM,SALESFORCE INC,0.245201,sp500,SPY holdings (SSGA),2026-08-17T09:13:37
UBER,UBER TECHNOLOGIES INC,0.229912,sp500,SPY holdings (SSGA),2026-08-17T09:13:37
DE,DEERE + CO,0.228966,sp500,SPY holdings (SSGA),2026-08-17T09:13:37
PFE,PFIZER INC,0.22762,sp500,SPY holdings (SSGA),2026-08-17T09:13:37
COP,CONOCOPHILLIPS,0.225798,sp500,SPY holdings (SSGA),2026-08-17T09:13:37
DELL,DELL TECHNOLOGIES  C,0.212891,sp500,SPY holdings (SSGA),2026-08-17T09:13:37
ISRG,INTUITIVE SURGICAL INC,0.211824,sp500,SPY holdings (SSGA),2026-08-17T09:13:37
COF,CAPITAL ONE FINANCIAL CORP,0.207297,sp500,SPY holdings (SSGA),2026-08-17T09:13:37
PLD,PROLOGIS INC,0.199535,sp500,SPY holdings (SSGA),2026-08-17T09:13:37
PH,PARKER HANNIFIN CORP,0.198998,sp500,SPY holdings (SSGA),2026-08-17T09:13:37
BMY,BRISTOL MYERS SQUIBB CO,0.196785,sp500,SPY holdings (SSGA),2026-08-17T09:13:37
VRTX,VERTEX PHARMACEUTICALS INC,0.195376,sp500,SPY holdings (SSGA),2026-08-17T09:13:37
NOW,SERVICENOW INC,0.195305,sp500,SPY holdings (SSGA),2026-08-17T09:13:37
DHR,DANAHER CORP,0.191442,sp500,SPY holdings (SSGA),2026-08-17T09:13:37
SPGI,S+P GLOBAL INC,0.191039,sp500,SPY holdings (SSGA),2026-08-17T09:13:37
CB,CHUBB LTD,0.185226,sp500,SPY holdings (SSGA),2026-08-17T09:13:37
GLW,CORNING INC,0.185082,sp500,SPY holdings (SSGA),2026-08-17T09:13:37
SBUX,STARBUCKS CORP,0.183355,sp500,SPY holdings (SSGA),2026-08-17T09:13:37
LOW,LOWE S COS INC,0.182185,sp500,SPY holdings (SSGA),2026-08-17T09:13:37
PGR,PROGRESSIVE CORP,0.181933,sp500,SPY holdings (SSGA),2026-08-17T09:13:37
NEM,NEWMONT CORP,0.181715,sp500,SPY holdings (SSGA),2026-08-17T09:13:37
CVS,CVS HEALTH CORP,0.180659,sp500,SPY holdings (SSGA),2026-08-17T09:13:37
LMT,LOCKHEED MARTIN CORP,0.180599,sp500,SPY holdings (SSGA),2026-08-17T09:13:37
SYK,STRYKER CORP,0.175422,sp500,SPY holdings (SSGA),2026-08-17T09:13:37
MDT,MEDTRONIC PLC,0.173347,sp500,SPY holdings (SSGA),2026-08-17T09:13:37
HWM,HOWMET AEROSPACE INC,0.168676,sp500,SPY holdings (SSGA),2026-08-17T09:13:37
BNY,BANK OF NEW YORK MELLON CORP,0.166004,sp500,SPY holdings (SSGA),2026-08-17T09:13:37
BX,BLACKSTONE INC,0.16535,sp500,SPY holdings (SSGA),2026-08-17T09:13:37
ADP,AUTOMATIC DATA PROCESSING,0.164598,sp500,SPY holdings (SSGA),2026-08-17T09:13:37
VRT,VERTIV HOLDINGS CO A,0.164266,sp500,SPY holdings (SSGA),2026-08-17T09:13:37
ACN,ACCENTURE PLC CL A,0.163346,sp500,SPY holdings (SSGA),2026-08-17T09:13:37
ADBE,ADOBE INC,0.162963,sp500,SPY holdings (SSGA),2026-08-17T09:13:37
MO,ALTRIA GROUP INC,0.161994,sp500,SPY holdings (SSGA),2026-08-17T09:13:37
EQIX,EQUINIX INC,0.157698,sp500,SPY holdings (SSGA),2026-08-17T09:13:37
TT,TRANE TECHNOLOGIES PLC,0.157394,sp500,SPY holdings (SSGA),2026-08-17T09:13:37
SO,SOUTHERN CO/THE,0.155916,sp500,SPY holdings (SSGA),2026-08-17T09:13:37
MPC,MARATHON PETROLEUM CORP,0.155069,sp500,SPY holdings (SSGA),2026-08-17T09:13:37
FTNT,FORTINET INC,0.153574,sp500,SPY holdings (SSGA),2026-08-17T09:13:37
MCK,MCKESSON CORP,0.153228,sp500,SPY holdings (SSGA),2026-08-17T09:13:37
PNC,PNC FINANCIAL SERVICES GROUP,0.152763,sp500,SPY holdings (SSGA),2026-08-17T09:13:37
VLO,VALERO ENERGY CORP,0.151775,sp500,SPY holdings (SSGA),2026-08-17T09:13:37
USB,US BANCORP,0.150794,sp500,SPY holdings (SSGA),2026-08-17T09:13:37
PWR,QUANTA SERVICES INC,0.150489,sp500,SPY holdings (SSGA),2026-08-17T09:13:37
GD,GENERAL DYNAMICS CORP,0.14867,sp500,SPY holdings (SSGA),2026-08-17T09:13:37
INTU,INTUIT INC,0.147685,sp500,SPY holdings (SSGA),2026-08-17T09:13:37
CME,CME GROUP INC,0.144327,sp500,SPY holdings (SSGA),2026-08-17T09:13:37
DUK,DUKE ENERGY CORP,0.143408,sp500,SPY holdings (SSGA),2026-08-17T09:13:37
FCX,FREEPORT MCMORAN INC,0.143204,sp500,SPY holdings (SSGA),2026-08-17T09:13:37
MMM,3M CO,0.141995,sp500,SPY holdings (SSGA),2026-08-17T09:13:37
CMCSA,COMCAST CORP CLASS A,0.139033,sp500,SPY holdings (SSGA),2026-08-17T09:13:37
PSX,PHILLIPS 66,0.139007,sp500,SPY holdings (SSGA),2026-08-17T09:13:37
CSX,CSX CORP,0.138876,sp500,SPY holdings (SSGA),2026-08-17T09:13:37
JCI,JOHNSON CONTROLS INTERNATION,0.137738,sp500,SPY holdings (SSGA),2026-08-17T09:13:37
EMR,EMERSON ELECTRIC CO,0.136642,sp500,SPY holdings (SSGA),2026-08-17T09:13:37
MRSH,MARSH + MCLENNAN COS,0.135505,sp500,SPY holdings (SSGA),2026-08-17T09:13:37
CDNS,CADENCE DESIGN SYS INC,0.133117,sp500,SPY holdings (SSGA),2026-08-17T09:13:37
WMB,WILLIAMS COS INC,0.132925,sp500,SPY holdings (SSGA),2026-08-17T09:13:37
CEG,CONSTELLATION ENERGY,0.132768,sp500,SPY holdings (SSGA),2026-08-17T09:13:37
ICE,INTERCONTINENTAL EXCHANGE IN,0.130865,sp500,SPY holdings (SSGA),2026-08-17T09:13:37
CMI,CUMMINS INC,0.129915,sp500,SPY holdings (SSGA),2026-08-17T09:13:37
ELV,ELEVANCE HEALTH INC,0.12891,sp500,SPY holdings (SSGA),2026-08-17T09:13:37
TMUS,T MOBILE US INC,0.127207,sp500,SPY holdings (SSGA),2026-08-17T09:13:37
APP,APPLOVIN CORP CLASS A,0.125395,sp500,SPY holdings (SSGA),2026-08-17T09:13:37
DDOG,DATADOG INC   CLASS A,0.124395,sp500,SPY holdings (SSGA),2026-08-17T09:13:37
SHW,SHERWIN WILLIAMS CO/THE,0.123617,sp500,SPY holdings (SSGA),2026-08-17T09:13:37
WM,WASTE MANAGEMENT INC,0.123471,sp500,SPY holdings (SSGA),2026-08-17T09:13:37
DASH,DOORDASH INC   A,0.121982,sp500,SPY holdings (SSGA),2026-08-17T09:13:37
MDLZ,MONDELEZ INTERNATIONAL INC A,0.121607,sp500,SPY holdings (SSGA),2026-08-17T09:13:37
AMT,AMERICAN TOWER CORP,0.120968,sp500,SPY holdings (SSGA),2026-08-17T09:13:37
REGN,REGENERON PHARMACEUTICALS,0.120053,sp500,SPY holdings (SSGA),2026-08-17T09:13:37
KKR,KKR + CO INC,0.118824,sp500,SPY holdings (SSGA),2026-08-17T09:13:37
HPE,HEWLETT PACKARD ENTERPRISE,0.118273,sp500,SPY holdings (SSGA),2026-08-17T09:13:37
ROST,ROSS STORES INC,0.117636,sp500,SPY holdings (SSGA),2026-08-17T09:13:37
SNPS,SYNOPSYS INC,0.117571,sp500,SPY holdings (SSGA),2026-08-17T09:13:37
UPS,UNITED PARCEL SERVICE CL B,0.117453,sp500,SPY holdings (SSGA),2026-08-17T09:13:37
TRV,TRAVELERS COS INC/THE,0.117268,sp500,SPY holdings (SSGA),2026-08-17T09:13:37
HOOD,ROBINHOOD MARKETS INC   A,0.116913,sp500,SPY holdings (SSGA),2026-08-17T09:13:37
GM,GENERAL MOTORS CO,0.116112,sp500,SPY holdings (SSGA),2026-08-17T09:13:37
SLB,SLB LTD,0.116015,sp500,SPY holdings (SSGA),2026-08-17T09:13:37
ABNB,AIRBNB INC CLASS A,0.115325,sp500,SPY holdings (SSGA),2026-08-17T09:13:37
RCL,ROYAL CARIBBEAN CRUISES LTD,0.115228,sp500,SPY holdings (SSGA),2026-08-17T09:13:37
MSI,MOTOROLA SOLUTIONS INC,0.11503,sp500,SPY holdings (SSGA),2026-08-17T09:13:37
MAR,MARRIOTT INTERNATIONAL  CL A,0.115013,sp500,SPY holdings (SSGA),2026-08-17T09:13:37
BSX,BOSTON SCIENTIFIC CORP,0.11452,sp500,SPY holdings (SSGA),2026-08-17T09:13:37
ORLY,O REILLY AUTOMOTIVE INC,0.114359,sp500,SPY holdings (SSGA),2026-08-17T09:13:37
NOC,NORTHROP GRUMMAN CORP,0.114357,sp500,SPY holdings (SSGA),2026-08-17T09:13:37
AON,AON PLC CLASS A,0.113688,sp500,SPY holdings (SSGA),2026-08-17T09:13:37
ITW,ILLINOIS TOOL WORKS,0.113563,sp500,SPY holdings (SSGA),2026-08-17T09:13:37
NSC,NORFOLK SOUTHERN CORP,0.112838,sp500,SPY holdings (SSGA),2026-08-17T09:13:37
EOG,EOG RESOURCES INC,0.112273,sp500,SPY holdings (SSGA),2026-08-17T09:13:37
FDX,FEDEX CORP,0.111031,sp500,SPY holdings (SSGA),2026-08-17T09:13:37
CL,COLGATE PALMOLIVE CO,0.110845,sp500,SPY holdings (SSGA),2026-08-17T09:13:37
HON,HONEYWELL INTERNATIONAL INC,0.110173,sp500,SPY holdings (SSGA),2026-08-17T09:13:37
CI,THE CIGNA GROUP,0.109605,sp500,SPY holdings (SSGA),2026-08-17T09:13:37
MCO,MOODY S CORP,0.109148,sp500,SPY holdings (SSGA),2026-08-17T09:13:37
HLT,HILTON WORLDWIDE HOLDINGS IN,0.108867,sp500,SPY holdings (SSGA),2026-08-17T09:13:37
SPG,SIMON PROPERTY GROUP INC,0.107053,sp500,SPY holdings (SSGA),2026-08-17T09:13:37
TGT,TARGET CORP,0.10509,sp500,SPY holdings (SSGA),2026-08-17T09:13:37
URI,UNITED RENTALS INC,0.104603,sp500,SPY holdings (SSGA),2026-08-17T09:13:37
ECL,ECOLAB INC,0.104311,sp500,SPY holdings (SSGA),2026-08-17T09:13:37
TDG,TRANSDIGM GROUP INC,0.103854,sp500,SPY holdings (SSGA),2026-08-17T09:13:37
PCAR,PACCAR INC,0.102547,sp500,SPY holdings (SSGA),2026-08-17T09:13:37
WBD,WARNER BROS DISCOVERY INC,0.102515,sp500,SPY holdings (SSGA),2026-08-17T09:13:37
DLR,DIGITAL REALTY TRUST INC,0.102361,sp500,SPY holdings (SSGA),2026-08-17T09:13:37
LITE,LUMENTUM HOLDINGS INC,0.102089,sp500,SPY holdings (SSGA),2026-08-17T09:13:37
AEP,AMERICAN ELECTRIC POWER,0.101684,sp500,SPY holdings (SSGA),2026-08-17T09:13:37
APD,AIR PRODUCTS + CHEMICALS INC,0.101444,sp500,SPY holdings (SSGA),2026-08-17T09:13:37
CTAS,CINTAS CORP,0.101223,sp500,SPY holdings (SSGA),2026-08-17T09:13:37
ALL,ALLSTATE CORP,0.099943,sp500,SPY holdings (SSGA),2026-08-17T09:13:37
MPWR,MONOLITHIC POWER SYSTEMS INC,0.099712,sp500,SPY holdings (SSGA),2026-08-17T09:13:37
MNST,MONSTER BEVERAGE CORP,0.099302,sp500,SPY holdings (SSGA),2026-08-17T09:13:37
APO,APOLLO GLOBAL MANAGEMENT INC,0.098704,sp500,SPY holdings (SSGA),2026-08-17T09:13:37
TFC,TRUIST FINANCIAL CORP,0.097442,sp500,SPY holdings (SSGA),2026-08-17T09:13:37
AJG,ARTHUR J GALLAGHER + CO,0.097074,sp500,SPY holdings (SSGA),2026-08-17T09:13:37
CRH,CRH PLC,0.096919,sp500,SPY holdings (SSGA),2026-08-17T09:13:37
TER,TERADYNE INC,0.09576,sp500,SPY holdings (SSGA),2026-08-17T09:13:37
COHR,COHERENT CORP,0.095412,sp500,SPY holdings (SSGA),2026-08-17T09:13:37
HCA,HCA HEALTHCARE INC,0.095306,sp500,SPY holdings (SSGA),2026-08-17T09:13:37
BKR,BAKER HUGHES CO,0.093828,sp500,SPY holdings (SSGA),2026-08-17T09:13:37
KMI,KINDER MORGAN INC,0.093621,sp500,SPY holdings (SSGA),2026-08-17T09:13:37
TEL,TE CONNECTIVITY PLC,0.09343,sp500,SPY holdings (SSGA),2026-08-17T09:13:37
CIEN,CIENA CORP,0.093117,sp500,SPY holdings (SSGA),2026-08-17T09:13:37
NUE,NUCOR CORP,0.092436,sp500,SPY holdings (SSGA),2026-08-17T09:13:37
FIX,COMFORT SYSTEMS USA INC,0.090434,sp500,SPY holdings (SSGA),2026-08-17T09:13:37
KEYS,KEYSIGHT TECHNOLOGIES IN,0.09024,sp500,SPY holdings (SSGA),2026-08-17T09:13:37
D,DOMINION ENERGY INC,0.089854,sp500,SPY holdings (SSGA),2026-08-17T09:13:37
COR,CENCORA INC,0.089742,sp500,SPY holdings (SSGA),2026-08-17T09:13:37
DAL,DELTA AIR LINES INC,0.088845,sp500,SPY holdings (SSGA),2026-08-17T09:13:37
FAST,FASTENAL CO,0.087854,sp500,SPY holdings (SSGA),2026-08-17T09:13:37
AME,AMETEK INC,0.087544,sp500,SPY holdings (SSGA),2026-08-17T09:13:37
O,REALTY INCOME CORP,0.087496,sp500,SPY holdings (SSGA),2026-08-17T09:13:37
NXPI,NXP SEMICONDUCTORS NV,0.08729,sp500,SPY holdings (SSGA),2026-08-17T09:13:37
OKE,ONEOK INC,0.086999,sp500,SPY holdings (SSGA),2026-08-17T09:13:37
-,US DOLLAR,0.08628,sp500,SPY holdings (SSGA),2026-08-17T09:13:37
GWW,WW GRAINGER INC,0.085529,sp500,SPY holdings (SSGA),2026-08-17T09:13:37
TRGP,TARGA RESOURCES CORP,0.085377,sp500,SPY holdings (SSGA),2026-08-17T09:13:37
SRE,SEMPRA,0.084266,sp500,SPY holdings (SSGA),2026-08-17T09:13:37
AFL,AFLAC INC,0.082683,sp500,SPY holdings (SSGA),2026-08-17T09:13:37
PSA,PUBLIC STORAGE,0.082177,sp500,SPY holdings (SSGA),2026-08-17T09:13:37
ADSK,AUTODESK INC,0.081179,sp500,SPY holdings (SSGA),2026-08-17T09:13:37
F,FORD MOTOR CO,0.081033,sp500,SPY holdings (SSGA),2026-08-17T09:13:37
CAH,CARDINAL HEALTH INC,0.080735,sp500,SPY holdings (SSGA),2026-08-17T09:13:37
HONA,HONEYWELL AEROSPACE INC,0.080194,sp500,SPY holdings (SSGA),2026-08-17T09:13:37
LHX,L3HARRIS TECHNOLOGIES INC,0.080104,sp500,SPY holdings (SSGA),2026-08-17T09:13:37
PYPL,PAYPAL HOLDINGS INC,0.079666,sp500,SPY holdings (SSGA),2026-08-17T09:13:37
EW,EDWARDS LIFESCIENCES CORP,0.079444,sp500,SPY holdings (SSGA),2026-08-17T09:13:37
CVNA,CARVANA CO,0.078688,sp500,SPY holdings (SSGA),2026-08-17T09:13:37
MET,METLIFE INC,0.078523,sp500,SPY holdings (SSGA),2026-08-17T09:13:37
STT,STATE STREET CORP,0.078314,sp500,SPY holdings (SSGA),2026-08-17T09:13:37
FITB,FIFTH THIRD BANCORP,0.078086,sp500,SPY holdings (SSGA),2026-08-17T09:13:37
AMP,AMERIPRISE FINANCIAL INC,0.076465,sp500,SPY holdings (SSGA),2026-08-17T09:13:37
DVN,DEVON ENERGY CORP,0.076067,sp500,SPY holdings (SSGA),2026-08-17T09:13:37
GRMN,GARMIN LTD,0.075957,sp500,SPY holdings (SSGA),2026-08-17T09:13:37
CTVA,CORTEVA INC,0.07556,sp500,SPY holdings (SSGA),2026-08-17T09:13:37
WAB,WABTEC CORP,0.075353,sp500,SPY holdings (SSGA),2026-08-17T09:13:37
BDX,BECTON DICKINSON AND CO,0.074744,sp500,SPY holdings (SSGA),2026-08-17T09:13:37
AZO,AUTOZONE INC,0.074656,sp500,SPY holdings (SSGA),2026-08-17T09:13:37
AXON,AXON ENTERPRISE INC,0.073979,sp500,SPY holdings (SSGA),2026-08-17T09:13:37
ROK,ROCKWELL AUTOMATION INC,0.07387,sp500,SPY holdings (SSGA),2026-08-17T09:13:37
CARR,CARRIER GLOBAL CORP,0.073722,sp500,SPY holdings (SSGA),2026-08-17T09:13:37
NKE,NIKE INC  CL B,0.073717,sp500,SPY holdings (SSGA),2026-08-17T09:13:37
XEL,XCEL ENERGY INC,0.073495,sp500,SPY holdings (SSGA),2026-08-17T09:13:37
ETR,ENTERGY CORP,0.072964,sp500,SPY holdings (SSGA),2026-08-17T09:13:37
FERG,FERGUSON ENTERPRISES INC,0.071347,sp500,SPY holdings (SSGA),2026-08-17T09:13:37
EXC,EXELON CORP,0.069549,sp500,SPY holdings (SSGA),2026-08-17T09:13:37
EBAY,EBAY INC,0.06921,sp500,SPY holdings (SSGA),2026-08-17T09:13:37
VST,VISTRA CORP,0.069172,sp500,SPY holdings (SSGA),2026-08-17T09:13:37
HUM,HUMANA INC,0.068915,sp500,SPY holdings (SSGA),2026-08-17T09:13:37
FLEX,FLEX LTD,0.068121,sp500,SPY holdings (SSGA),2026-08-17T09:13:37
IDXX,IDEXX LABORATORIES INC,0.066679,sp500,SPY holdings (SSGA),2026-08-17T09:13:37
CBRE,CBRE GROUP INC   A,0.0663,sp500,SPY holdings (SSGA),2026-08-17T09:13:37
XYZ,BLOCK INC,0.066285,sp500,SPY holdings (SSGA),2026-08-17T09:13:37
VTR,VENTAS INC,0.065434,sp500,SPY holdings (SSGA),2026-08-17T09:13:37
NDAQ,NASDAQ INC,0.064993,sp500,SPY holdings (SSGA),2026-08-17T09:13:37
PRU,PRUDENTIAL FINANCIAL INC,0.064524,sp500,SPY holdings (SSGA),2026-08-17T09:13:37
RSG,REPUBLIC SERVICES INC,0.064156,sp500,SPY holdings (SSGA),2026-08-17T09:13:37
KDP,KEURIG DR PEPPER INC,0.063113,sp500,SPY holdings (SSGA),2026-08-17T09:13:37
A,AGILENT TECHNOLOGIES INC,0.062893,sp500,SPY holdings (SSGA),2026-08-17T09:13:37
TTWO,TAKE TWO INTERACTIVE SOFTWRE,0.06277,sp500,SPY holdings (SSGA),2026-08-17T09:13:37
WDAY,WORKDAY INC CLASS A,0.062687,sp500,SPY holdings (SSGA),2026-08-17T09:13:37
MCHP,MICROCHIP TECHNOLOGY INC,0.06267,sp500,SPY holdings (SSGA),2026-08-17T09:13:37
OXY,OCCIDENTAL PETROLEUM CORP,0.06245,sp500,SPY holdings (SSGA),2026-08-17T09:13:37
CMG,CHIPOTLE MEXICAN GRILL INC,0.06235,sp500,SPY holdings (SSGA),2026-08-17T09:13:37
MSCI,MSCI INC,0.062188,sp500,SPY holdings (SSGA),2026-08-17T09:13:37
YUM,YUM  BRANDS INC,0.06198,sp500,SPY holdings (SSGA),2026-08-17T09:13:37
UAL,UNITED AIRLINES HOLDINGS INC,0.061127,sp500,SPY holdings (SSGA),2026-08-17T09:13:37
IBKR,INTERACTIVE BROKERS GRO CL A,0.060704,sp500,SPY holdings (SSGA),2026-08-17T09:13:37
WAT,WATERS CORP,0.060443,sp500,SPY holdings (SSGA),2026-08-17T09:13:37
NTAP,NETAPP INC,0.060378,sp500,SPY holdings (SSGA),2026-08-17T09:13:37
PAYX,PAYCHEX INC,0.060287,sp500,SPY holdings (SSGA),2026-08-17T09:13:37
IQV,IQVIA HOLDINGS INC,0.060093,sp500,SPY holdings (SSGA),2026-08-17T09:13:37
AIG,AMERICAN INTERNATIONAL GROUP,0.060086,sp500,SPY holdings (SSGA),2026-08-17T09:13:37
ROP,ROPER TECHNOLOGIES INC,0.059773,sp500,SPY holdings (SSGA),2026-08-17T09:13:37
SYY,SYSCO CORP,0.059551,sp500,SPY holdings (SSGA),2026-08-17T09:13:37
ED,CONSOLIDATED EDISON INC,0.059549,sp500,SPY holdings (SSGA),2026-08-17T09:13:37
DHI,DR HORTON INC,0.058923,sp500,SPY holdings (SSGA),2026-08-17T09:13:37
ODFL,OLD DOMINION FREIGHT LINE,0.058849,sp500,SPY holdings (SSGA),2026-08-17T09:13:37
JBL,JABIL INC,0.058229,sp500,SPY holdings (SSGA),2026-08-17T09:13:37
FANG,DIAMONDBACK ENERGY INC,0.057715,sp500,SPY holdings (SSGA),2026-08-17T09:13:37
ADM,ARCHER DANIELS MIDLAND CO,0.057575,sp500,SPY holdings (SSGA),2026-08-17T09:13:37
PCG,P G + E CORP,0.057314,sp500,SPY holdings (SSGA),2026-08-17T09:13:37
VEEV,VEEVA SYSTEMS INC CLASS A,0.05654,sp500,SPY holdings (SSGA),2026-08-17T09:13:37
PEG,PUBLIC SERVICE ENTERPRISE GP,0.056402,sp500,SPY holdings (SSGA),2026-08-17T09:13:37
HIG,HARTFORD INSURANCE GROUP INC,0.056314,sp500,SPY holdings (SSGA),2026-08-17T09:13:37
IRM,IRON MOUNTAIN INC,0.056149,sp500,SPY holdings (SSGA),2026-08-17T09:13:37
EXPE,EXPEDIA GROUP INC,0.05602,sp500,SPY holdings (SSGA),2026-08-17T09:13:37
MTB,M + T BANK CORP,0.055286,sp500,SPY holdings (SSGA),2026-08-17T09:13:37
EME,EMCOR GROUP INC,0.055086,sp500,SPY holdings (SSGA),2026-08-17T09:13:37
KVUE,KENVUE INC,0.05495,sp500,SPY holdings (SSGA),2026-08-17T09:13:37
KMB,KIMBERLY CLARK CORP,0.054768,sp500,SPY holdings (SSGA),2026-08-17T09:13:37
CCL,CARNIVAL CORP LTD,0.054308,sp500,SPY holdings (SSGA),2026-08-17T09:13:37
HBAN,HUNTINGTON BANCSHARES INC,0.053694,sp500,SPY holdings (SSGA),2026-08-17T09:13:37
VMC,VULCAN MATERIALS CO,0.05367,sp500,SPY holdings (SSGA),2026-08-17T09:13:37
WEC,WEC ENERGY GROUP INC,0.053084,sp500,SPY holdings (SSGA),2026-08-17T09:13:37
STLD,STEEL DYNAMICS INC,0.052658,sp500,SPY holdings (SSGA),2026-08-17T09:13:37
NTRS,NORTHERN TRUST CORP,0.052535,sp500,SPY holdings (SSGA),2026-08-17T09:13:37
DXCM,DEXCOM INC,0.052443,sp500,SPY holdings (SSGA),2026-08-17T09:13:37
COIN,COINBASE GLOBAL INC  CLASS A,0.051026,sp500,SPY holdings (SSGA),2026-08-17T09:13:37
ACGL,ARCH CAPITAL GROUP LTD,0.050852,sp500,SPY holdings (SSGA),2026-08-17T09:13:37
EQT,EQT CORP,0.050418,sp500,SPY holdings (SSGA),2026-08-17T09:13:37
GEHC,GE HEALTHCARE TECHNOLOGY,0.050036,sp500,SPY holdings (SSGA),2026-08-17T09:13:37
CCI,CROWN CASTLE INC,0.049353,sp500,SPY holdings (SSGA),2026-08-17T09:13:37
RMD,RESMED INC,0.049023,sp500,SPY holdings (SSGA),2026-08-17T09:13:37
MLM,MARTIN MARIETTA MATERIALS,0.048769,sp500,SPY holdings (SSGA),2026-08-17T09:13:37
KR,KROGER CO,0.048061,sp500,SPY holdings (SSGA),2026-08-17T09:13:37
ON,ON SEMICONDUCTOR,0.047644,sp500,SPY holdings (SSGA),2026-08-17T09:13:37
ZTS,ZOETIS INC,0.047393,sp500,SPY holdings (SSGA),2026-08-17T09:13:37
CASY,CASEY S GENERAL STORES INC,0.047096,sp500,SPY holdings (SSGA),2026-08-17T09:13:37
EXR,EXTRA SPACE STORAGE INC,0.04704,sp500,SPY holdings (SSGA),2026-08-17T09:13:37
WTW,WILLIS TOWERS WATSON PLC,0.047031,sp500,SPY holdings (SSGA),2026-08-17T09:13:37
ARES,ARES MANAGEMENT CORP   A,0.046983,sp500,SPY holdings (SSGA),2026-08-17T09:13:37
RJF,RAYMOND JAMES FINANCIAL INC,0.046799,sp500,SPY holdings (SSGA),2026-08-17T09:13:37
CFG,CITIZENS FINANCIAL GROUP,0.046714,sp500,SPY holdings (SSGA),2026-08-17T09:13:37
TDY,TELEDYNE TECHNOLOGIES INC,0.046532,sp500,SPY holdings (SSGA),2026-08-17T09:13:37
BIIB,BIOGEN INC,0.046425,sp500,SPY holdings (SSGA),2026-08-17T09:13:37
CNC,CENTENE CORP,0.046115,sp500,SPY holdings (SSGA),2026-08-17T09:13:37
CBOE,CBOE GLOBAL MARKETS INC,0.045811,sp500,SPY holdings (SSGA),2026-08-17T09:13:37
AEE,AMEREN CORPORATION,0.045,sp500,SPY holdings (SSGA),2026-08-17T09:13:37
IR,INGERSOLL RAND INC,0.044693,sp500,SPY holdings (SSGA),2026-08-17T09:13:37
Q,QNITY ELECTRONICS INC,0.044464,sp500,SPY holdings (SSGA),2026-08-17T09:13:37
FISV,FISERV INC,0.044115,sp500,SPY holdings (SSGA),2026-08-17T09:13:37
LYV,LIVE NATION ENTERTAINMENT IN,0.043894,sp500,SPY holdings (SSGA),2026-08-17T09:13:37
DTE,DTE ENERGY COMPANY,0.043268,sp500,SPY holdings (SSGA),2026-08-17T09:13:37
MTD,METTLER TOLEDO INTERNATIONAL,0.042872,sp500,SPY holdings (SSGA),2026-08-17T09:13:37
VICI,VICI PROPERTIES INC,0.042862,sp500,SPY holdings (SSGA),2026-08-17T09:13:37
HPQ,HP INC,0.042695,sp500,SPY holdings (SSGA),2026-08-17T09:13:37
XYL,XYLEM INC,0.042633,sp500,SPY holdings (SSGA),2026-08-17T09:13:37
WSM,WILLIAMS SONOMA INC,0.042544,sp500,SPY holdings (SSGA),2026-08-17T09:13:37
ATO,ATMOS ENERGY CORP,0.042066,sp500,SPY holdings (SSGA),2026-08-17T09:13:37
CTSH,COGNIZANT TECH SOLUTIONS A,0.041881,sp500,SPY holdings (SSGA),2026-08-17T09:13:37
OTIS,OTIS WORLDWIDE CORP,0.041516,sp500,SPY holdings (SSGA),2026-08-17T09:13:37
DOV,DOVER CORP,0.041514,sp500,SPY holdings (SSGA),2026-08-17T09:13:37
CPAY,CORPAY INC,0.041436,sp500,SPY holdings (SSGA),2026-08-17T09:13:37
HAL,HALLIBURTON CO,0.04088,sp500,SPY holdings (SSGA),2026-08-17T09:13:37
HSY,HERSHEY CO/THE,0.040875,sp500,SPY holdings (SSGA),2026-08-17T09:13:37
EIX,EDISON INTERNATIONAL,0.04054,sp500,SPY holdings (SSGA),2026-08-17T09:13:37
ES,EVERSOURCE ENERGY,0.040428,sp500,SPY holdings (SSGA),2026-08-17T09:13:37
RF,REGIONS FINANCIAL CORP,0.040273,sp500,SPY holdings (SSGA),2026-08-17T09:13:37
SYF,SYNCHRONY FINANCIAL,0.040152,sp500,SPY holdings (SSGA),2026-08-17T09:13:37
DG,DOLLAR GENERAL CORP,0.040125,sp500,SPY holdings (SSGA),2026-08-17T09:13:37
PPL,PPL CORP,0.040013,sp500,SPY holdings (SSGA),2026-08-17T09:13:37
HUBB,HUBBELL INC,0.039964,sp500,SPY holdings (SSGA),2026-08-17T09:13:37
CINF,CINCINNATI FINANCIAL CORP,0.03982,sp500,SPY holdings (SSGA),2026-08-17T09:13:37
AWK,AMERICAN WATER WORKS CO INC,0.039718,sp500,SPY holdings (SSGA),2026-08-17T09:13:37
CNP,CENTERPOINT ENERGY INC,0.039457,sp500,SPY holdings (SSGA),2026-08-17T09:13:37
LH,LABCORP HOLDINGS INC,0.039442,sp500,SPY holdings (SSGA),2026-08-17T09:13:37
DGX,QUEST DIAGNOSTICS INC,0.038943,sp500,SPY holdings (SSGA),2026-08-17T09:13:37
CPRT,COPART INC,0.038826,sp500,SPY holdings (SSGA),2026-08-17T09:13:37
SW,SMURFIT WESTROCK PLC,0.038777,sp500,SPY holdings (SSGA),2026-08-17T09:13:37
TPR,TAPESTRY INC,0.038726,sp500,SPY holdings (SSGA),2026-08-17T09:13:37
FICO,FAIR ISAAC CORP,0.038341,sp500,SPY holdings (SSGA),2026-08-17T09:13:37
DRI,DARDEN RESTAURANTS INC,0.038148,sp500,SPY holdings (SSGA),2026-08-17T09:13:37
PPG,PPG INDUSTRIES INC,0.038117,sp500,SPY holdings (SSGA),2026-08-17T09:13:37
AVB,AVALONBAY COMMUNITIES INC,0.038088,sp500,SPY holdings (SSGA),2026-08-17T09:13:37
NRG,NRG ENERGY INC,0.037657,sp500,SPY holdings (SSGA),2026-08-17T09:13:37
OMC,OMNICOM GROUP,0.037536,sp500,SPY holdings (SSGA),2026-08-17T09:13:37
PHM,PULTEGROUP INC,0.037062,sp500,SPY holdings (SSGA),2026-08-17T09:13:37
EXPD,EXPEDITORS INTL WASH INC,0.03647,sp500,SPY holdings (SSGA),2026-08-17T09:13:37
WST,WEST PHARMACEUTICAL SERVICES,0.036454,sp500,SPY holdings (SSGA),2026-08-17T09:13:37
FE,FIRSTENERGY CORP,0.036346,sp500,SPY holdings (SSGA),2026-08-17T09:13:37
VRSK,VERISK ANALYTICS INC,0.036316,sp500,SPY holdings (SSGA),2026-08-17T09:13:37
FSLR,FIRST SOLAR INC,0.035795,sp500,SPY holdings (SSGA),2026-08-17T09:13:37
VLTO,VERALTO CORP,0.035704,sp500,SPY holdings (SSGA),2026-08-17T09:13:37
CHD,CHURCH + DWIGHT CO INC,0.035585,sp500,SPY holdings (SSGA),2026-08-17T09:13:37
TROW,T ROWE PRICE GROUP INC,0.035546,sp500,SPY holdings (SSGA),2026-08-17T09:13:37
VRSN,VERISIGN INC,0.035039,sp500,SPY holdings (SSGA),2026-08-17T09:13:37
DLTR,DOLLAR TREE INC,0.034966,sp500,SPY holdings (SSGA),2026-08-17T09:13:37
FFIV,F5 INC,0.034947,sp500,SPY holdings (SSGA),2026-08-17T09:13:37
STE,STERIS PLC,0.034514,sp500,SPY holdings (SSGA),2026-08-17T09:13:37
FIS,FIDELITY NATIONAL INFO SERV,0.034002,sp500,SPY holdings (SSGA),2026-08-17T09:13:37
PKG,PACKAGING CORP OF AMERICA,0.033916,sp500,SPY holdings (SSGA),2026-08-17T09:13:37
EXE,EXPAND ENERGY CORP,0.03379,sp500,SPY holdings (SSGA),2026-08-17T09:13:37
PFG,PRINCIPAL FINANCIAL GROUP,0.033664,sp500,SPY holdings (SSGA),2026-08-17T09:13:37
EQR,EQUITY RESIDENTIAL,0.03353,sp500,SPY holdings (SSGA),2026-08-17T09:13:37
MRNA,MODERNA INC,0.033507,sp500,SPY holdings (SSGA),2026-08-17T09:13:37
ULTA,ULTA BEAUTY INC,0.033463,sp500,SPY holdings (SSGA),2026-08-17T09:13:37
EFX,EQUIFAX INC,0.032938,sp500,SPY holdings (SSGA),2026-08-17T09:13:37
GPN,GLOBAL PAYMENTS INC,0.032869,sp500,SPY holdings (SSGA),2026-08-17T09:13:37
SMCI,SUPER MICRO COMPUTER INC,0.032848,sp500,SPY holdings (SSGA),2026-08-17T09:13:37
LUV,SOUTHWEST AIRLINES CO,0.03268,sp500,SPY holdings (SSGA),2026-08-17T09:13:37
DOW,DOW INC,0.032503,sp500,SPY holdings (SSGA),2026-08-17T09:13:37
KHC,KRAFT HEINZ CO/THE,0.032399,sp500,SPY holdings (SSGA),2026-08-17T09:13:37
CMS,CMS ENERGY CORP,0.032319,sp500,SPY holdings (SSGA),2026-08-17T09:13:37
EL,ESTEE LAUDER COMPANIES CL A,0.032086,sp500,SPY holdings (SSGA),2026-08-17T09:13:37
IFF,INTL FLAVORS + FRAGRANCES,0.032065,sp500,SPY holdings (SSGA),2026-08-17T09:13:37
IP,INTERNATIONAL PAPER CO,0.032022,sp500,SPY holdings (SSGA),2026-08-17T09:13:37
AMCR,AMCOR PLC,0.031742,sp500,SPY holdings (SSGA),2026-08-17T09:13:37
KEY,KEYCORP,0.031582,sp500,SPY holdings (SSGA),2026-08-17T09:13:37
JBHT,HUNT (JB) TRANSPRT SVCS INC,0.031332,sp500,SPY holdings (SSGA),2026-08-17T09:13:37
SNA,SNAP ON INC,0.031243,sp500,SPY holdings (SSGA),2026-08-17T09:13:37
BRO,BROWN + BROWN INC,0.031115,sp500,SPY holdings (SSGA),2026-08-17T09:13:37
GIS,GENERAL MILLS INC,0.030952,sp500,SPY holdings (SSGA),2026-08-17T09:13:37
WRB,WR BERKLEY CORP,0.030889,sp500,SPY holdings (SSGA),2026-08-17T09:13:37
NI,NISOURCE INC,0.029989,sp500,SPY holdings (SSGA),2026-08-17T09:13:37
TPL,TEXAS PACIFIC LAND CORP,0.029962,sp500,SPY holdings (SSGA),2026-08-17T09:13:37
INCY,INCYTE CORP,0.029937,sp500,SPY holdings (SSGA),2026-08-17T09:13:37
BR,BROADRIDGE FINANCIAL SOLUTIO,0.029693,sp500,SPY holdings (SSGA),2026-08-17T09:13:37
SBAC,SBA COMMUNICATIONS CORP,0.029426,sp500,SPY holdings (SSGA),2026-08-17T09:13:37
DD,DUPONT DE NEMOURS INC,0.029136,sp500,SPY holdings (SSGA),2026-08-17T09:13:37
ZBH,ZIMMER BIOMET HOLDINGS INC,0.028712,sp500,SPY holdings (SSGA),2026-08-17T09:13:37
EVRG,EVERGY INC,0.028692,sp500,SPY holdings (SSGA),2026-08-17T09:13:37
L,LOEWS CORP,0.028353,sp500,SPY holdings (SSGA),2026-08-17T09:13:37
STZ,CONSTELLATION BRANDS INC A,0.028346,sp500,SPY holdings (SSGA),2026-08-17T09:13:37
TSCO,TRACTOR SUPPLY COMPANY,0.028276,sp500,SPY holdings (SSGA),2026-08-17T09:13:37
FTV,FORTIVE CORP,0.02809,sp500,SPY holdings (SSGA),2026-08-17T09:13:37
LEN,LENNAR CORP A,0.028089,sp500,SPY holdings (SSGA),2026-08-17T09:13:37
VTRS,VIATRIS INC,0.027814,sp500,SPY holdings (SSGA),2026-08-17T09:13:37
GPC,GENUINE PARTS CO,0.027769,sp500,SPY holdings (SSGA),2026-08-17T09:13:37
ESS,ESSEX PROPERTY TRUST INC,0.027517,sp500,SPY holdings (SSGA),2026-08-17T09:13:37
AKAM,AKAMAI TECHNOLOGIES INC,0.027149,sp500,SPY holdings (SSGA),2026-08-17T09:13:37
CDW,CDW CORP/DE,0.027049,sp500,SPY holdings (SSGA),2026-08-17T09:13:37
ZBRA,ZEBRA TECHNOLOGIES CORP CL A,0.02697,sp500,SPY holdings (SSGA),2026-08-17T09:13:37
LNT,ALLIANT ENERGY CORP,0.026876,sp500,SPY holdings (SSGA),2026-08-17T09:13:37
LDOS,LEIDOS HOLDINGS INC,0.02674,sp500,SPY holdings (SSGA),2026-08-17T09:13:37
CF,CF INDUSTRIES HOLDINGS INC,0.026667,sp500,SPY holdings (SSGA),2026-08-17T09:13:37
PTC,PTC INC,0.026497,sp500,SPY holdings (SSGA),2026-08-17T09:13:37
WY,WEYERHAEUSER CO,0.026476,sp500,SPY holdings (SSGA),2026-08-17T09:13:37
IEX,IDEX CORP,0.026384,sp500,SPY holdings (SSGA),2026-08-17T09:13:37
CHRW,C.H. ROBINSON WORLDWIDE INC,0.026236,sp500,SPY holdings (SSGA),2026-08-17T09:13:37
NVR,NVR INC,0.025601,sp500,SPY holdings (SSGA),2026-08-17T09:13:37
J,JACOBS SOLUTIONS INC,0.025323,sp500,SPY holdings (SSGA),2026-08-17T09:13:37
BBY,BEST BUY CO INC,0.025014,sp500,SPY holdings (SSGA),2026-08-17T09:13:37
INVH,INVITATION HOMES INC,0.024685,sp500,SPY holdings (SSGA),2026-08-17T09:13:37
BALL,BALL CORP,0.024576,sp500,SPY holdings (SSGA),2026-08-17T09:13:37
FDXF,FEDEX FREIGHT HOLDING CO,0.024554,sp500,SPY holdings (SSGA),2026-08-17T09:13:37
KIM,KIMCO REALTY CORP,0.024518,sp500,SPY holdings (SSGA),2026-08-17T09:13:37
NDSN,NORDSON CORP,0.024497,sp500,SPY holdings (SSGA),2026-08-17T09:13:37
GEN,GEN DIGITAL INC,0.02416,sp500,SPY holdings (SSGA),2026-08-17T09:13:37
LYB,LYONDELLBASELL INDU CL A,0.024105,sp500,SPY holdings (SSGA),2026-08-17T09:13:37
TSN,TYSON FOODS INC CL A,0.023713,sp500,SPY holdings (SSGA),2026-08-17T09:13:37
SWK,STANLEY BLACK + DECKER INC,0.023683,sp500,SPY holdings (SSGA),2026-08-17T09:13:37
MAA,MID AMERICA APARTMENT COMM,0.023274,sp500,SPY holdings (SSGA),2026-08-17T09:13:37
ALB,ALBEMARLE CORP,0.022905,sp500,SPY holdings (SSGA),2026-08-17T09:13:37
BG,BUNGE GLOBAL SA,0.022893,sp500,SPY holdings (SSGA),2026-08-17T09:13:37
TXT,TEXTRON INC,0.022771,sp500,SPY holdings (SSGA),2026-08-17T09:13:37
MAS,MASCO CORP,0.0225,sp500,SPY holdings (SSGA),2026-08-17T09:13:37
RL,RALPH LAUREN CORP,0.022374,sp500,SPY holdings (SSGA),2026-08-17T09:13:37
COO,COOPER COS INC/THE,0.022273,sp500,SPY holdings (SSGA),2026-08-17T09:13:37
HST,HOST HOTELS + RESORTS INC,0.021599,sp500,SPY holdings (SSGA),2026-08-17T09:13:37
EG,EVEREST GROUP LTD,0.021594,sp500,SPY holdings (SSGA),2026-08-17T09:13:37
DOC,HEALTHPEAK PROPERTIES INC,0.021468,sp500,SPY holdings (SSGA),2026-08-17T09:13:37
IVZ,INVESCO LTD,0.021287,sp500,SPY holdings (SSGA),2026-08-17T09:13:37
ALLE,ALLEGION PLC,0.021082,sp500,SPY holdings (SSGA),2026-08-17T09:13:37
APA,APA CORP,0.021076,sp500,SPY holdings (SSGA),2026-08-17T09:13:37
BAX,BAXTER INTERNATIONAL INC,0.020919,sp500,SPY holdings (SSGA),2026-08-17T09:13:37
GL,GLOBE LIFE INC,0.020911,sp500,SPY holdings (SSGA),2026-08-17T09:13:37
AIZ,ASSURANT INC,0.020758,sp500,SPY holdings (SSGA),2026-08-17T09:13:37
MKC,MCCORMICK + CO NON VTG SHRS,0.020677,sp500,SPY holdings (SSGA),2026-08-17T09:13:37
TYL,TYLER TECHNOLOGIES INC,0.02066,sp500,SPY holdings (SSGA),2026-08-17T09:13:37
AVY,AVERY DENNISON CORP,0.020518,sp500,SPY holdings (SSGA),2026-08-17T09:13:37
LVS,LAS VEGAS SANDS CORP,0.020343,sp500,SPY holdings (SSGA),2026-08-17T09:13:37
CRL,CHARLES RIVER LABORATORIES,0.020196,sp500,SPY holdings (SSGA),2026-08-17T09:13:37
CSGP,COSTAR GROUP INC,0.020119,sp500,SPY holdings (SSGA),2026-08-17T09:13:37
TRMB,TRIMBLE INC,0.019993,sp500,SPY holdings (SSGA),2026-08-17T09:13:37
GDDY,GODADDY INC   CLASS A,0.019839,sp500,SPY holdings (SSGA),2026-08-17T09:13:37
LII,LENNOX INTERNATIONAL INC,0.019729,sp500,SPY holdings (SSGA),2026-08-17T09:13:37
DECK,DECKERS OUTDOOR CORP,0.019671,sp500,SPY holdings (SSGA),2026-08-17T09:13:37
RVTY,REVVITY INC,0.019544,sp500,SPY holdings (SSGA),2026-08-17T09:13:37
CHTR,CHARTER COMMUNICATIONS INC A,0.019505,sp500,SPY holdings (SSGA),2026-08-17T09:13:37
FOXA,FOX CORP   CLASS A,0.019462,sp500,SPY holdings (SSGA),2026-08-17T09:13:37
CLX,CLOROX COMPANY,0.019306,sp500,SPY holdings (SSGA),2026-08-17T09:13:37
HAS,HASBRO INC,0.019228,sp500,SPY holdings (SSGA),2026-08-17T09:13:37
HII,HUNTINGTON INGALLS INDUSTRIE,0.019046,sp500,SPY holdings (SSGA),2026-08-17T09:13:37
SJM,JM SMUCKER CO/THE,0.019002,sp500,SPY holdings (SSGA),2026-08-17T09:13:37
SOLV,SOLVENTUM CORP,0.018968,sp500,SPY holdings (SSGA),2026-08-17T09:13:37
REG,REGENCY CENTERS CORP,0.018879,sp500,SPY holdings (SSGA),2026-08-17T09:13:37
GNRC,GENERAC HOLDINGS INC,0.018835,sp500,SPY holdings (SSGA),2026-08-17T09:13:37
TKO,TKO GROUP HOLDINGS INC,0.018733,sp500,SPY holdings (SSGA),2026-08-17T09:13:37
LULU,LULULEMON ATHLETICA INC,0.018666,sp500,SPY holdings (SSGA),2026-08-17T09:13:37
ECHO,ECHOSTAR CORP A,0.018464,sp500,SPY holdings (SSGA),2026-08-17T09:13:37
IT,GARTNER INC,0.018297,sp500,SPY holdings (SSGA),2026-08-17T09:13:37
PNW,PINNACLE WEST CAPITAL,0.018204,sp500,SPY holdings (SSGA),2026-08-17T09:13:37
ALGN,ALIGN TECHNOLOGY INC,0.01731,sp500,SPY holdings (SSGA),2026-08-17T09:13:37
TECH,BIO TECHNE CORP,0.016872,sp500,SPY holdings (SSGA),2026-08-17T09:13:37
UDR,UDR INC,0.01672,sp500,SPY holdings (SSGA),2026-08-17T09:13:37
CPT,CAMDEN PROPERTY TRUST,0.016549,sp500,SPY holdings (SSGA),2026-08-17T09:13:37
JKHY,JACK HENRY + ASSOCIATES INC,0.016503,sp500,SPY holdings (SSGA),2026-08-17T09:13:37
PNR,PENTAIR PLC,0.016111,sp500,SPY holdings (SSGA),2026-08-17T09:13:37
DPZ,DOMINO S PIZZA INC,0.016015,sp500,SPY holdings (SSGA),2026-08-17T09:13:37
ROL,ROLLINS INC,0.015857,sp500,SPY holdings (SSGA),2026-08-17T09:13:37
NWSA,NEWS CORP   CLASS A,0.015739,sp500,SPY holdings (SSGA),2026-08-17T09:13:37
AES,AES CORP,0.015658,sp500,SPY holdings (SSGA),2026-08-17T09:13:37
SWKS,SKYWORKS SOLUTIONS INC,0.015638,sp500,SPY holdings (SSGA),2026-08-17T09:13:37
FDS,FACTSET RESEARCH SYSTEMS INC,0.015592,sp500,SPY holdings (SSGA),2026-08-17T09:13:37
APTV,APTIV PLC,0.01553,sp500,SPY holdings (SSGA),2026-08-17T09:13:37
BEN,FRANKLIN RESOURCES INC,0.015475,sp500,SPY holdings (SSGA),2026-08-17T09:13:37
BXP,BXP INC,0.015241,sp500,SPY holdings (SSGA),2026-08-17T09:13:37
PODD,INSULET CORP,0.015117,sp500,SPY holdings (SSGA),2026-08-17T09:13:37
FRT,FEDERAL REALTY INVS TRUST,0.013979,sp500,SPY holdings (SSGA),2026-08-17T09:13:37
UHS,UNIVERSAL HEALTH SERVICES B,0.013602,sp500,SPY holdings (SSGA),2026-08-17T09:13:37
NCLH,NORWEGIAN CRUISE LINE HOLDIN,0.013471,sp500,SPY holdings (SSGA),2026-08-17T09:13:37
HSIC,HENRY SCHEIN INC,0.013006,sp500,SPY holdings (SSGA),2026-08-17T09:13:37
WYNN,WYNN RESORTS LTD,0.012762,sp500,SPY holdings (SSGA),2026-08-17T09:13:37
MGM,MGM RESORTS INTERNATIONAL,0.01246,sp500,SPY holdings (SSGA),2026-08-17T09:13:37
FOX,FOX CORP   CLASS B,0.012115,sp500,SPY holdings (SSGA),2026-08-17T09:13:37
BLDR,BUILDERS FIRSTSOURCE INC,0.011791,sp500,SPY holdings (SSGA),2026-08-17T09:13:37
ARE,ALEXANDRIA REAL ESTATE EQUIT,0.011279,sp500,SPY holdings (SSGA),2026-08-17T09:13:37
HRL,HORMEL FOODS CORP,0.010625,sp500,SPY holdings (SSGA),2026-08-17T09:13:37
AOS,SMITH (A.O.) CORP,0.010427,sp500,SPY holdings (SSGA),2026-08-17T09:13:37
MOS,MOSAIC CO/THE,0.010393,sp500,SPY holdings (SSGA),2026-08-17T09:13:37
TAP,MOLSON COORS BEVERAGE CO   B,0.010072,sp500,SPY holdings (SSGA),2026-08-17T09:13:37
ERIE,ERIE INDEMNITY COMPANY CL A,0.009684,sp500,SPY holdings (SSGA),2026-08-17T09:13:37
TTD,TRADE DESK INC/THE  CLASS A,0.009267,sp500,SPY holdings (SSGA),2026-08-17T09:13:37
DVA,DAVITA INC,0.00858,sp500,SPY holdings (SSGA),2026-08-17T09:13:37
BF.B,BROWN FORMAN CORP CLASS B,0.007035,sp500,SPY holdings (SSGA),2026-08-17T09:13:37
NWS,NEWS CORP   CLASS B,0.005986,sp500,SPY holdings (SSGA),2026-08-17T09:13:37
PSKY,PARAMOUNT SKYDANCE CL B,0.00467,sp500,SPY holdings (SSGA),2026-08-17T09:13:37
2602335D,CONTRA HOLOGIC INCORPO,3e-06,sp500,SPY holdings (SSGA),2026-08-17T09:13:37
