Data,Ticker,Livello,Valore Livello,Nota,Prezzo al momento,Convergenza,Livelli Toccati,Regime
2026-07-06 15:00 UTC,TMO,3.0,505.0,,513.205,,,
2026-07-06 15:00 UTC,ODD,1.0,17.01,,17.24,,,
2026-07-06 15:00 UTC,DLO,1.0,14.67,,14.655,,,
2026-07-06 15:00 UTC,MANH,3.0,150.0,,152.25,,,
2026-07-06 15:00 UTC,GBPJPY,1.0,215.4,,216.833,,,
2026-07-06 15:00 UTC,GBPJPY,2.0,215.271,,216.833,,,
2026-07-06 15:00 UTC,GBPJPY,3.0,215.05,,216.833,,,
2026-07-06 15:00 UTC,SPCX,3.0,160.36,,161.4394,,,
2026-07-06 15:00 UTC,TEVA,1.0,34.54,,35.1199,,,
2026-07-06 15:00 UTC,TEVA,2.0,35.2,,35.1199,,,
2026-07-06 15:00 UTC,T,2.0,20.6,,20.325,,,
2026-07-06 15:00 UTC,SGI,2.0,78.43,,77.46,,,
2026-07-06 15:00 UTC,FAST,1.0,46.79,,47.56,,,
2026-07-06 15:00 UTC,WFC,1.0,86.39,,87.305,,,
2026-07-06 19:40 UTC,ODD,1.0,17.01,,17.305,,,
2026-07-06 19:40 UTC,GBPJPY,1.0,215.4,,217.027,,,
2026-07-06 19:40 UTC,GBPJPY,2.0,215.271,,217.027,,,
2026-07-06 19:40 UTC,GBPJPY,3.0,215.05,,217.027,,,
2026-07-06 19:40 UTC,TEVA,2.0,35.2,,35.325,,,
2026-07-06 19:40 UTC,T,2.0,20.6,,20.56,,,
2026-07-06 19:40 UTC,SGI,2.0,78.43,,78.0894,,,
2026-07-06 19:40 UTC,WFC,1.0,86.39,,87.6295,,,
2026-07-06 21:15 UTC,SPCX,3.0,160.36,,160.42,,,
2026-07-06 23:48 UTC,ODD,1.0,17.01,,17.35,,,
2026-07-06 23:48 UTC,GBPJPY,1.0,215.4,,217.102,,,
2026-07-06 23:48 UTC,GBPJPY,2.0,215.271,,217.102,,,
2026-07-06 23:48 UTC,GBPJPY,3.0,215.05,,217.102,,,
2026-07-06 23:48 UTC,TEVA,2.0,35.2,,35.29,,,
2026-07-06 23:48 UTC,T,2.0,20.6,,20.58,,,
2026-07-06 23:48 UTC,SGI,2.0,78.43,,78.2,,,
2026-07-06 23:48 UTC,WFC,1.0,86.39,,87.45,,,
2026-07-07 01:30 UTC,SPCX,3.0,160.36,,160.42,,,
2026-07-07 05:49 UTC,ODD,1.0,17.01,,17.35,,,
2026-07-07 05:49 UTC,GBPJPY,1.0,215.4,,216.538,,,
2026-07-07 05:49 UTC,GBPJPY,2.0,215.271,,216.538,,,
2026-07-07 05:49 UTC,GBPJPY,3.0,215.05,,216.538,,,
2026-07-07 05:49 UTC,SPCX,3.0,160.36,,160.42,,,
2026-07-07 05:49 UTC,TEVA,2.0,35.2,,35.29,,,
2026-07-07 05:49 UTC,T,2.0,20.6,,20.58,,,
2026-07-07 05:49 UTC,SGI,2.0,78.43,,78.2,,,
2026-07-07 05:49 UTC,WFC,1.0,86.39,,87.45,,,
2026-07-07 12:14 UTC,ODD,1.0,17.01,,17.35,,,
2026-07-07 12:14 UTC,GBPJPY,1.0,215.4,,216.706,,,
2026-07-07 12:14 UTC,GBPJPY,2.0,215.271,,216.706,,,
2026-07-07 12:14 UTC,GBPJPY,3.0,215.05,,216.706,,,
2026-07-07 12:14 UTC,SPCX,3.0,160.36,,160.42,,,
2026-07-07 12:14 UTC,TEVA,2.0,35.2,,35.29,,,
2026-07-07 12:14 UTC,T,2.0,20.6,,20.58,,,
2026-07-07 12:14 UTC,SGI,2.0,78.43,,78.2,,,
2026-07-07 12:14 UTC,WFC,1.0,86.39,,87.45,,,
2026-07-07 15:20 UTC,MDT,2.0,85.5,,84.52,,,
2026-07-07 15:20 UTC,TEVA,1.0,34.54,,34.705,,,
2026-07-07 15:20 UTC,TEVA,3.0,34.25,,34.705,,,
2026-07-07 15:20 UTC,FAST,1.0,46.79,,47.415,,,
2026-07-07 17:31 UTC,TMO,3.0,505.0,,514.3,,,
2026-07-07 17:31 UTC,GBPJPY,1.0,215.4,,216.522,,,
2026-07-07 17:31 UTC,GBPJPY,2.0,215.271,,216.522,,,
2026-07-07 17:31 UTC,GBPJPY,3.0,215.05,,216.522,,,
2026-07-07 17:31 UTC,TEVA,2.0,35.2,,34.7,,,
2026-07-07 17:31 UTC,T,2.0,20.6,,20.995,,,
2026-07-07 17:31 UTC,WFC,1.0,86.39,,87.23,,,
2026-07-07 19:24 UTC,MDT,2.0,85.5,,84.03,,,
2026-07-07 19:24 UTC,TEVA,1.0,34.54,,34.765,,,
2026-07-07 19:24 UTC,TEVA,3.0,34.25,,34.765,,,
2026-07-07 19:24 UTC,SGI,3.0,73.43,,74.6,,,
2026-07-07 19:24 UTC,FAST,1.0,46.79,,47.305,,,
2026-07-07 19:24 UTC,WFC,2.0,85.51,,87.2,,,
2026-07-07 21:06 UTC,FTK,1.0,22.74,,22.4,,,
2026-07-07 21:06 UTC,CDW,2.0,142.0,,139.23,,,
2026-07-07 21:06 UTC,DLO,1.0,14.67,,14.88,,,
2026-07-07 22:30 UTC,GBPJPY,1.0,215.4,,216.44,,,
2026-07-07 22:30 UTC,GBPJPY,2.0,215.271,,216.44,,,
2026-07-07 22:30 UTC,GBPJPY,3.0,215.05,,216.44,,,
2026-07-07 22:30 UTC,TEVA,2.0,35.2,,34.65,,,
2026-07-07 22:30 UTC,WFC,1.0,86.39,,87.18,,,
2026-07-07 23:32 UTC,MDT,2.0,85.5,,83.83,,,
2026-07-07 23:32 UTC,TEVA,1.0,34.54,,34.65,,,
2026-07-07 23:32 UTC,TEVA,3.0,34.25,,34.65,,,
2026-07-07 23:32 UTC,SGI,3.0,73.43,,74.82,,,
2026-07-07 23:32 UTC,FAST,1.0,46.79,,47.11,,,
2026-07-07 23:32 UTC,WFC,2.0,85.51,,87.18,,,
2026-07-08 01:08 UTC,FTK,1.0,22.74,,22.4,,,
2026-07-08 01:08 UTC,CDW,2.0,142.0,,139.23,,,
2026-07-08 01:08 UTC,DLO,1.0,14.67,,14.88,,,
2026-07-08 04:32 UTC,MDT,2.0,85.5,,83.83,,,
2026-07-08 04:32 UTC,GBPJPY,1.0,215.4,,216.82,,,
2026-07-08 04:32 UTC,GBPJPY,2.0,215.271,,216.82,,,
2026-07-08 04:32 UTC,GBPJPY,3.0,215.05,,216.82,,,
2026-07-08 04:32 UTC,TEVA,1.0,34.54,,34.65,,,
2026-07-08 04:32 UTC,TEVA,2.0,35.2,,34.65,,,
2026-07-08 04:32 UTC,TEVA,3.0,34.25,,34.65,,,
2026-07-08 04:32 UTC,SGI,3.0,73.43,,74.82,,,
2026-07-08 04:32 UTC,FAST,1.0,46.79,,47.11,,,
2026-07-08 04:32 UTC,WFC,1.0,86.39,,87.18,,,
2026-07-08 04:32 UTC,WFC,2.0,85.51,,87.18,,,
2026-07-08 07:12 UTC,DLO,1.0,14.67,,14.88,,,
2026-07-08 09:40 UTC,FTK,1.0,22.74,,22.4,,,
2026-07-08 09:40 UTC,CDW,2.0,142.0,,139.23,,,
2026-07-08 09:40 UTC,MDT,2.0,85.5,,83.83,,,
2026-07-08 09:40 UTC,GBPJPY,1.0,215.4,,216.726,,,
2026-07-08 09:40 UTC,GBPJPY,2.0,215.271,,216.726,,,
2026-07-08 09:40 UTC,GBPJPY,3.0,215.05,,216.726,,,
2026-07-08 09:40 UTC,TEVA,1.0,34.54,,34.65,,,
2026-07-08 09:40 UTC,TEVA,2.0,35.2,,34.65,,,
2026-07-08 09:40 UTC,TEVA,3.0,34.25,,34.65,,,
2026-07-08 09:40 UTC,SGI,3.0,73.43,,74.82,,,
2026-07-08 09:40 UTC,FAST,1.0,46.79,,47.11,,,
2026-07-08 09:40 UTC,WFC,1.0,86.39,,87.18,,,
2026-07-08 09:40 UTC,WFC,2.0,85.51,,87.18,,,
2026-07-08 09:40 UTC,GLBE,1.0,36.85,,36.92,,,
2026-07-08 09:40 UTC,DCI,1.0,89.36,,89.54,,,
2026-07-08 09:40 UTC,VIV,1.0,13.5,,13.28,,,
2026-07-08 09:40 UTC,VIV,2.0,13.3,,13.28,,,
2026-07-08 09:40 UTC,VIV,3.0,13.26,,13.28,,,
2026-07-08 09:40 UTC,INTC,1.0,111.56,,110.39,,,
2026-07-08 09:40 UTC,INTC,2.0,112.5,,110.39,,,
2026-07-08 11:31 UTC,DLO,1.0,14.67,,14.88,,,
2026-07-08 15:37 UTC,FTK,1.0,22.74,,22.585,,,
2026-07-08 15:37 UTC,TMO,3.0,505.0,,511.36,,,
2026-07-08 15:37 UTC,GBPJPY,1.0,215.4,,217.343,,,
2026-07-08 15:37 UTC,GBPJPY,2.0,215.271,,217.343,,,
2026-07-08 15:37 UTC,GBPJPY,3.0,215.05,,217.343,,,
2026-07-08 15:37 UTC,SGI,3.0,73.43,,72.09,,,
2026-07-08 15:37 UTC,FAST,1.0,46.79,,46.43,,,
2026-07-08 15:38 UTC,WFC,1.0,86.39,,85.46,,,
2026-07-08 15:38 UTC,WFC,2.0,85.51,,85.46,,,
2026-07-08 15:38 UTC,VIV,1.0,13.5,,13.35,,,
2026-07-08 15:38 UTC,VIV,2.0,13.3,,13.35,,,
2026-07-08 15:38 UTC,VIV,3.0,13.26,,13.35,,,
2026-07-08 15:38 UTC,INTC,3.0,107.5,,105.3999,,,
2026-07-08 17:08 UTC,VRTX,2.0,500.0,,509.035,,,
2026-07-08 17:08 UTC,DCI,1.0,89.36,,87.685,,,
2026-07-08 18:45 UTC,ODD,2.0,16.0,,16.305,,,
2026-07-08 18:45 UTC,DLO,1.0,14.67,,14.52,,,
2026-07-08 18:45 UTC,GLBE,1.0,36.85,,36.14,,,
2026-07-08 20:14 UTC,FTK,1.0,22.74,,23.06,,,
2026-07-08 20:14 UTC,TMO,3.0,505.0,,509.87,,,
2026-07-08 20:14 UTC,VRTX,1.0,496.73,,498.43,,,
2026-07-08 20:14 UTC,GBPJPY,1.0,215.4,,217.73,,,
2026-07-08 20:14 UTC,GBPJPY,2.0,215.271,,217.73,,,
2026-07-08 20:14 UTC,GBPJPY,3.0,215.05,,217.73,,,
2026-07-08 20:14 UTC,SGI,3.0,73.43,,73.21,,,
2026-07-08 20:14 UTC,FAST,1.0,46.79,,46.51,,,
2026-07-08 20:14 UTC,WFC,1.0,86.39,,85.57,,,
2026-07-08 20:14 UTC,WFC,2.0,85.51,,85.57,,,
2026-07-08 20:14 UTC,VIV,1.0,13.5,,13.283,,,
2026-07-08 20:14 UTC,VIV,2.0,13.3,,13.283,,,
2026-07-08 20:14 UTC,VIV,3.0,13.26,,13.283,,,
2026-07-08 20:14 UTC,INTC,1.0,111.56,,110.24,,,
2026-07-08 21:34 UTC,VRTX,2.0,500.0,,498.43,,,
2026-07-08 21:34 UTC,DCI,1.0,89.36,,87.68,,,
2026-07-08 23:48 UTC,DLO,1.0,14.67,,14.49,,,
2026-07-09 01:22 UTC,FTK,1.0,22.74,,23.09,,,
2026-07-09 01:22 UTC,TMO,3.0,505.0,,510.13,,,
2026-07-09 01:22 UTC,VRTX,1.0,496.73,,498.43,,,
2026-07-09 01:22 UTC,GBPJPY,1.0,215.4,,217.662,,,
2026-07-09 01:22 UTC,GBPJPY,2.0,215.271,,217.662,,,
2026-07-09 01:22 UTC,GBPJPY,3.0,215.05,,217.662,,,
2026-07-09 01:22 UTC,SGI,3.0,73.43,,73.18,,,
2026-07-09 01:22 UTC,FAST,1.0,46.79,,46.51,,,
2026-07-09 01:22 UTC,WFC,1.0,86.39,,85.56,,,
2026-07-09 01:22 UTC,WFC,2.0,85.51,,85.56,,,
2026-07-09 01:22 UTC,VIV,1.0,13.5,,13.29,,,
2026-07-09 01:22 UTC,VIV,2.0,13.3,,13.29,,,
2026-07-09 01:23 UTC,VIV,3.0,13.26,,13.29,,,
2026-07-09 01:23 UTC,INTC,1.0,111.56,,110.24,,,
2026-07-09 05:47 UTC,FTK,1.0,22.74,,23.09,,,
2026-07-09 05:47 UTC,TMO,3.0,505.0,,510.13,,,
2026-07-09 05:47 UTC,VRTX,1.0,496.73,,498.43,,,
2026-07-09 05:47 UTC,VRTX,2.0,500.0,,498.43,,,
2026-07-09 05:47 UTC,DLO,1.0,14.67,,14.49,,,
2026-07-09 05:47 UTC,GBPJPY,1.0,215.4,,217.651,,,
2026-07-09 05:47 UTC,GBPJPY,2.0,215.271,,217.651,,,
2026-07-09 05:47 UTC,GBPJPY,3.0,215.05,,217.651,,,
2026-07-09 05:47 UTC,SGI,3.0,73.43,,73.18,,,
2026-07-09 05:47 UTC,FAST,1.0,46.79,,46.51,,,
2026-07-09 05:47 UTC,WFC,1.0,86.39,,85.56,,,
2026-07-09 05:47 UTC,WFC,2.0,85.51,,85.56,,,
2026-07-09 05:47 UTC,DCI,1.0,89.36,,87.68,,,
2026-07-09 05:47 UTC,VIV,1.0,13.5,,13.29,,,
2026-07-09 05:47 UTC,VIV,2.0,13.3,,13.29,,,
2026-07-09 05:47 UTC,VIV,3.0,13.26,,13.29,,,
2026-07-09 05:47 UTC,INTC,1.0,111.56,,110.24,,,
2026-07-09 15:34 UTC,RIVN,1.0,18.0,,17.77,,,
2026-07-09 15:34 UTC,CRSP,2.0,56.11,,56.99,,,
2026-07-09 15:34 UTC,PATH,2.0,11.92,,11.685,,,
2026-07-09 15:34 UTC,INTC,2.0,112.5,,112.66,,,
2026-07-09 15:34 UTC,IONQ,1.0,45.18,,45.29,,,
2026-07-09 15:34 UTC,CHRW,2.0,194.5,,193.86,,,
2026-07-10 15:19 UTC,META,2.0,680.0,,673.31,,,
2026-07-10 15:19 UTC,TFC,1.0,52.0,,51.715,,,
2026-07-10 15:19 UTC,UGP,1.0,6.0,,5.9799,,,
2026-07-10 15:19 UTC,CBRS,1.0,216.0,,212.355,,,
2026-07-10 17:14 UTC,CRSP,3.0,54.11,,53.235,,,
2026-07-13 10:01 UTC,TMUS,1.0,185.0,,187.61,,,
2026-07-13 15:36 UTC,RHI,2.0,34.0,,34.29,,,
2026-07-13 15:36 UTC,TMUS,3.0,192.0,,189.54,,,
2026-07-13 17:36 UTC,BARK,3.0,9.0,,9.175,,,
2026-07-13 20:24 UTC,RHI,1.0,36.0,,35.59,,,
2026-07-14 11:57 UTC,DG,2.0,125.0,,123.44,,,
2026-07-14 11:57 UTC,CI,3.0,310.0,,304.5,,,
2026-07-14 11:57 UTC,HUN,1.0,11.6,,11.61,,,
2026-07-14 14:05 UTC,ODD,2.0,16.0,,16.25,,,
2026-07-14 14:05 UTC,DG,1.0,120.0,,121.37,,,
2026-07-15 07:56 UTC,WDC,2.0,560.0,,563.32,,,
2026-07-15 07:56 UTC,VIST,1.0,67.0,,65.73,,,
2026-07-15 14:19 UTC,TSCO,1.0,31.53,,30.995,,,
2026-07-15 14:19 UTC,WDC,1.0,530.0,,525.125,,,
2026-07-15 14:19 UTC,HPE,1.0,50.0,,49.08,,,
2026-07-15 14:19 UTC,HPE,3.0,49.0,,49.08,,,
2026-07-15 14:19 UTC,BX,2.0,127.0,,129.3,,,
2026-07-15 14:19 UTC,NVDA,1.0,213.0,,211.701,,,
2026-07-15 14:19 UTC,NVDA,2.0,208.0,,211.701,,,
2026-07-15 15:58 UTC,LOVE,1.0,18.0,,18.08,,,
2026-07-15 15:58 UTC,J,1.0,129.26,,130.66,,,
2026-07-15 15:58 UTC,XYZ,1.0,85.0,,83.425,,,
2026-07-15 15:58 UTC,EFX,1.0,176.0,,172.99,,,
2026-07-15 15:58 UTC,EFX,2.0,172.5,,172.99,,,
2026-07-15 15:58 UTC,COF,1.0,210.0,,209.48,,,
2026-07-15 18:41 UTC,CVNA,1.0,72.0,,70.76,,,
2026-07-16 08:33 UTC,GOOGL,1.0,373.0,,370.92,,,
2026-07-16 14:21 UTC,MDT,2.0,85.5,,84.3025,,,
2026-07-16 14:21 UTC,IONQ,3.0,36.0,,36.12,,,
2026-07-16 14:21 UTC,UGP,3.0,6.3,,6.19,,,
2026-07-16 14:21 UTC,WPP,1.0,19.0,,19.35,,,
2026-07-16 14:21 UTC,GIS,1.0,38.0,,38.56,,,
2026-07-16 14:21 UTC,ITW,1.0,276.0,,279.51,,,
2026-07-16 14:21 UTC,IDXX,2.0,580.0,,575.16,,,
2026-07-16 14:21 UTC,BDX,1.0,160.0,,159.32,,,
2026-07-16 14:21 UTC,SNN,1.0,31.2,,31.255,,,
2026-07-16 17:19 UTC,CDW,1.0,134.81,,133.18,,,
2026-07-16 17:19 UTC,CI,1.0,290.0,,286.09,,,
2026-07-16 18:37 UTC,GOOGL,2.0,355.55,,359.2798,,,
2026-07-16 19:46 UTC,VIST,2.0,62.0,,62.7,,,
2026-07-17 07:00 UTC,CAG,2.0,14.5,,14.47,,,
2026-07-17 07:00 UTC,STE,1.0,220.0,,221.13,,,
2026-07-17 14:09 UTC,DNA,3.0,8.0,,7.87,,,
2026-07-17 14:10 UTC,META,1.0,640.0,,634.59,,,
2026-07-17 14:10 UTC,BLK,1.0,1060.0,,1077.425,,,
2026-07-17 14:10 UTC,GOOGL,3.0,340.0,,346.6301,,,
2026-07-17 14:10 UTC,IDXX,1.0,557.8,,568.86,,,
2026-07-17 15:42 UTC,BARK,3.0,9.0,,9.17,,,
2026-07-17 15:42 UTC,ODD,2.0,16.0,,16.07,,,
2026-07-17 15:42 UTC,SNN,2.0,30.5,,30.83,,,
2026-07-17 15:42 UTC,LCID,1.0,7.0,,6.95,,,
2026-07-17 16:50 UTC,CBRS,3.0,170.0,,173.105,,,
2026-07-17 16:51 UTC,STE,2.0,214.0,,218.02,,,
2026-07-17 17:59 UTC,CAG,3.0,14.0,,14.255,,,
2026-07-17 17:59 UTC,KIM,1.0,25.5,,25.9,,,
2026-07-17 19:23 UTC,CVNA,2.0,67.5,,67.805,,,
2026-07-20 14:55 UTC,LOW,1.0,203.36,,204.125,,,
2026-07-20 14:55 UTC,GLBE,1.0,36.85,,37.345,,,
2026-07-20 14:55 UTC,XYZ,2.0,77.73,,78.7,,,
2026-07-20 14:55 UTC,ITW,2.0,270.21,,272.3,,,
2026-07-20 14:56 UTC,M,1.0,23.0,,23.075,,,
2026-07-20 14:56 UTC,LCID,1.0,7.0,,7.0699,,,
2026-07-20 20:10 UTC,BLK,2.0,1033.48,,1054.12,,,
2026-07-20 20:10 UTC,ASAN,3.0,7.5,,7.605,,,
2026-07-21 15:17 UTC,RIVN,1.0,18.0,,17.685,,,
2026-07-21 15:17 UTC,WDC,2.0,560.0,,549.4251,,,
2026-07-21 15:18 UTC,COF,2.0,202.0,,205.44,,,
2026-07-21 15:18 UTC,BDX,2.0,150.0,,152.48,,,
2026-07-21 15:18 UTC,TRI,3.0,92.0,,92.09,,,
2026-07-21 15:18 UTC,MMM,1.0,175.0,,172.655,,,
2026-07-21 18:12 UTC,VIST,1.0,67.0,,65.75,,,
2026-07-21 19:55 UTC,INTC,3.0,107.5,,106.07,,,
2026-07-21 19:55 UTC,WPP,2.0,18.0,,18.295,,,
2026-07-22 15:06 UTC,DASH,2.0,175.84,,178.88,,,
2026-07-22 15:06 UTC,ODD,1.0,17.01,,16.72,,,
2026-07-22 15:06 UTC,MANH,3.0,150.0,,150.86,,,
2026-07-22 15:06 UTC,PATH,3.0,10.75,,10.785,,,
2026-07-22 15:06 UTC,DG,1.0,120.0,,120.89,,,
2026-07-22 15:06 UTC,VIST,3.0,68.0,,66.685,,,
2026-07-22 15:06 UTC,HPE,1.0,50.0,,49.425,,,
2026-07-22 15:06 UTC,HPE,3.0,49.0,,49.425,,,
2026-07-22 15:07 UTC,COIN,1.0,170.0,,169.69,,,
2026-07-22 16:43 UTC,CBRS,1.0,216.0,,213.601,,,
2026-07-22 16:43 UTC,LCID,1.0,7.0,,7.0297,,,
2026-07-23 12:54 UTC,LMT,2.0,515.0,,514.36,,,
2026-07-23 15:10 UTC,VEEV,3.0,178.0,,181.28,,,
2026-07-23 15:10 UTC,UPST,2.0,27.0,,27.06,,,
2026-07-23 15:10 UTC,CVNA,3.0,60.0,,60.67,,,
2026-07-23 15:10 UTC,EFX,3.0,162.5,,164.77,,,
2026-07-23 15:10 UTC,M,1.0,23.0,,23.38,,,
2026-07-23 15:10 UTC,COIN,2.0,160.0,,159.625,,,
2026-07-23 15:10 UTC,PKX,1.0,53.0,,53.59,,,
2026-07-23 15:10 UTC,CCS,1.0,70.0,,70.385,,,
2026-07-23 15:10 UTC,BIO,2.0,310.0,,313.08,,,
2026-07-23 15:10 UTC,DOV,1.0,195.0,,195.255,,,
2026-07-23 16:48 UTC,KHC,2.0,25.0,,25.435,,,
2026-07-23 16:48 UTC,TMUS,2.0,176.0,,177.88,,,
2026-07-23 16:49 UTC,OVV,1.0,60.0,,61.18,,,
2026-07-23 18:04 UTC,CAG,3.0,14.0,,14.235,,,
2026-07-24 15:04 UTC,RHI,1.0,36.0,,35.3,,,
2026-07-24 15:04 UTC,CHRW,1.0,188.37,,191.055,,,
2026-07-24 15:04 UTC,CHRW,2.0,194.5,,191.055,,,
2026-07-24 15:04 UTC,WDC,1.0,530.0,,527.2,,,
2026-07-24 15:04 UTC,FRO,1.0,40.0,,39.635,,,
2026-07-24 16:55 UTC,RIVN,3.0,15.63,,15.855,,,
2026-07-24 18:22 UTC,GLBE,1.0,36.85,,36.12,,,
2026-07-24 19:54 UTC,TRI,3.0,92.0,,90.605,,,
2026-07-24 21:05 UTC,TSCO,1.0,31.53,,31.02,,,
2026-07-24 21:05 UTC,EFX,1.0,176.0,,172.54,,,
2026-07-28 07:49 UTC,SGI,3.0,73.43,,72.91,,,
2026-07-28 07:51 UTC,IONQ,3.0,36.0,,35.92,,,
2026-07-28 07:53 UTC,DG,2.0,125.0,,123.22,,,
2026-07-28 07:53 UTC,HUN,1.0,11.6,,11.74,,,
2026-07-28 07:55 UTC,COF,1.0,210.0,,207.05,,,
2026-07-28 07:57 UTC,CAG,1.0,15.5,,15.24,,,
2026-07-28 08:00 UTC,COIN,1.0,170.0,,167.49,,,
2026-07-28 08:02 UTC,OVV,1.0,60.0,,60.08,,,
2026-07-28 10:44 UTC,CPR,1.0,5.7,,5.736,,,
2026-07-28 10:44 UTC,RI,2.0,66.0,,66.1,,,
2026-07-28 10:47 UTC,TM,1.0,182.0,,182.15,,,
2026-07-28 10:48 UTC,TM,2.0,180.0,,182.15,,,
2026-07-28 10:48 UTC,NOC,1.0,551.1,,547.58,,,
2026-07-28 10:48 UTC,BSX,1.0,45.0,,45.51,,,
2026-07-28 12:52 UTC,TSCO,1.0,32.0,,31.8,,,
2026-07-28 13:09 UTC,TSCO,1.0,32.0,,31.8,,,
2026-07-28 15:19 UTC,DASH,3.0,190.0,,191.93,,,
2026-07-28 15:19 UTC,TSCO,1.0,32.0,,32.09,,,
2026-07-28 15:19 UTC,FTK,1.0,22.74,,23.035,,,
2026-07-28 15:20 UTC,CDW,2.0,142.0,,141.66,,,
2026-07-28 15:20 UTC,ODD,1.0,17.01,,16.925,,,
2026-07-28 15:23 UTC,PATH,2.0,11.92,,12.03,,,
2026-07-28 15:24 UTC,VIV,2.0,13.3,,13.26,,,
2026-07-28 15:24 UTC,VIV,3.0,13.26,,13.26,,,
2026-07-28 15:25 UTC,LNG,1.0,248.0,,250.83,,,
2026-07-28 15:27 UTC,TMUS,1.0,185.0,,183.04,,,
2026-07-28 15:29 UTC,J,2.0,138.8,,139.01,,,
2026-07-28 15:30 UTC,GIS,1.0,38.0,,38.175,,,
2026-07-28 15:30 UTC,IDXX,2.0,580.0,,571.365,,,
2026-07-28 15:32 UTC,NFLX,1.0,73.0,,73.195,,,
2026-07-28 15:32 UTC,THO,1.0,80.0,,80.84,,,
2026-07-28 15:37 UTC,TYL,1.0,340.0,,333.91,,,
2026-07-28 17:25 UTC,TSCO,1.0,32.0,,31.65,,,
2026-07-28 17:34 UTC,GOOGL,3.0,340.0,,335.39,,,
2026-07-28 17:39 UTC,SWK,1.0,92.0,,93.83,,,
2026-07-28 17:40 UTC,CXM,1.0,6.25,,6.375,,,
2026-07-28 17:44 UTC,MSFT,1.0,399.08,POC da Screener ARGO,398.81,,,
2026-07-28 17:45 UTC,MSTR,1.0,95.49,POC da Screener ARGO,96.77,,,
2026-07-28 17:48 UTC,EL.PA,1.0,168.26,POC da Screener ARGO,168.65,,,
2026-07-28 17:48 UTC,KER.PA,1.0,250.45,POC da Screener ARGO,250.5,,,
2026-07-28 17:49 UTC,MC.PA,1.0,471.27,POC da Screener ARGO,470.3,,,
2026-07-28 17:50 UTC,AOS,1.0,64.24,POC da Screener ARGO,63.615,,,
2026-07-28 17:50 UTC,ARE,1.0,52.56,POC da Screener ARGO,53.55,,,
2026-07-28 17:51 UTC,ALGN,1.0,175.95,POC da Screener ARGO,173.56,,,
2026-07-28 17:51 UTC,AMT,1.0,173.59,POC da Screener ARGO,173.47,,,
2026-07-28 17:52 UTC,TECH,1.0,71.4,POC da Screener ARGO,72.04,,,
2026-07-28 17:53 UTC,BLDR,1.0,74.37,POC da Screener ARGO,73.285,,,
2026-07-28 17:54 UTC,BXP,1.0,68.47,POC da Screener ARGO,69.58,,,
2026-07-28 17:54 UTC,CNC,1.0,63.6,POC da Screener ARGO,63.975,,,
2026-07-28 17:55 UTC,CMG,1.0,33.24,POC da Screener ARGO,33.615,,,
2026-07-28 17:56 UTC,COO,1.0,71.71,POC da Screener ARGO,71.5718,,,
2026-07-28 17:57 UTC,DECK,1.0,103.03,POC da Screener ARGO,102.86,,,
2026-07-28 17:57 UTC,DVN,1.0,43.45,POC da Screener ARGO,42.755,,,
2026-07-28 17:59 UTC,EL,1.0,85.03,POC da Screener ARGO,84.77,,,
2026-07-28 17:59 UTC,EXE,1.0,88.48,POC da Screener ARGO,88.855,,,
2026-07-28 18:00 UTC,FSLR,1.0,196.61,POC da Screener ARGO,199.68,,,
2026-07-28 18:01 UTC,IT,1.0,157.2,POC da Screener ARGO,158.2,,,
2026-07-28 18:02 UTC,HSY,1.0,181.38,POC da Screener ARGO,181.85,,,
2026-07-28 18:03 UTC,PODD,1.0,165.91,POC da Screener ARGO,168.6575,,,
2026-07-28 18:05 UTC,NKE,1.0,43.13,POC da Screener ARGO,43.025,,,
2026-07-28 18:05 UTC,NVR,1.0,6459.19,POC da Screener ARGO,6487.8701,,,
2026-07-28 18:06 UTC,OXY,1.0,54.83,POC da Screener ARGO,54.185,,,
2026-07-28 18:06 UTC,OTIS,1.0,72.64,POC da Screener ARGO,73.87,,,
2026-07-28 18:07 UTC,PSKY,1.0,8.03,POC da Screener ARGO,7.975,,,
2026-07-28 18:07 UTC,PPG,1.0,121.98,POC da Screener ARGO,121.31,,,
2026-07-28 18:08 UTC,RMD,1.0,209.41,POC da Screener ARGO,208.925,,,
2026-07-28 18:09 UTC,ROL,1.0,38.81,POC da Screener ARGO,38.8,,,
2026-07-28 18:09 UTC,SMCI,1.0,28.79,POC da Screener ARGO,28.3999,,,
2026-07-28 18:12 UTC,DIS,1.0,97.42,POC da Screener ARGO,98.98,,,
2026-07-28 18:13 UTC,WY,1.0,24.33,POC da Screener ARGO,24.48,,,
2026-07-28 18:13 UTC,ADS.DE,1.0,180.12,POC da Screener ARGO,181.1,,,
2026-07-28 18:14 UTC,BMW.DE,1.0,60.3,POC da Screener ARGO,59.54,,,
2026-07-28 18:15 UTC,HEN3.DE,1.0,77.66,POC da Screener ARGO,76.84,,,
2026-07-28 18:16 UTC,G24.DE,1.0,74.29,POC da Screener ARGO,75.2,,,
2026-07-28 18:17 UTC,VNA.DE,1.0,21.11,POC da Screener ARGO,21.52,,,
2026-07-28 18:19 UTC,STLAM.MI,1.0,4.98,POC da Screener ARGO,5.076,,,
2026-07-28 19:20 UTC,TSCO,1.0,32.0,,31.59,,,
2026-07-28 19:27 UTC,CI,3.0,310.0,,304.49,,,
2026-07-28 19:31 UTC,NRC,1.0,23.5,,23.12,,,
2026-07-28 19:31 UTC,NRC,2.0,23.02,,23.12,,,
2026-07-28 19:33 UTC,ASAN,1.0,8.0,,8.14,,,
2026-07-28 20:00 UTC,NOW,1.0,109.02,POC da Screener ARGO,110.623,,,
2026-07-28 20:04 UTC,ZTS,1.0,76.77,POC da Screener ARGO,77.5,,,
2026-07-28 21:05 UTC,TSCO,1.0,32.0,,31.46,,,
2026-07-28 21:21 UTC,ARM,1.0,240.0,,244.74,,,
2026-07-28 22:56 UTC,TSCO,1.0,32.0,,31.46,,,
2026-07-28 23:58 UTC,TSCO,1.0,32.0,,31.46,,,
2026-07-29 03:19 UTC,TSCO,1.0,32.0,,31.46,,,
2026-07-29 06:29 UTC,TSCO,1.0,32.0,,31.46,,,
2026-07-29 09:36 UTC,TSCO,1.0,32.0,,31.46,,,
2026-07-29 09:47 UTC,RI,1.0,66.0,,67.02,,,
2026-07-29 10:22 UTC,BC.MI,1.0,83.04,POC da Screener ARGO,83.3,,,
2026-07-29 10:22 UTC,DIA.MI,1.0,69.11,POC da Screener ARGO,70.48,,,
2026-07-29 11:59 UTC,DASH,,,,195.52,No,VWAP 2 (198.85),CORRENTE DISCENDENTE (SHORT)
2026-07-29 11:59 UTC,TSCO,,,,31.46,No,L1 (32.00),CORRENTE DISCENDENTE (SHORT)
2026-07-29 12:00 UTC,CDW,,,,144.03,No,L2 (142.00),CORRENTE DISCENDENTE (SHORT)
2026-07-29 12:00 UTC,KHC,,,,27.3,No,VWAP 1 (27.42),CORRENTE DISCENDENTE (SHORT)
2026-07-29 12:00 UTC,ODD,,,,16.99,No,L1 (17.01),CORRENTE DISCENDENTE (SHORT)
2026-07-29 12:01 UTC,VRTX,,,,490.39,Sì,L1 (496.73) + L2 (500.00),CORRENTE DISCENDENTE (SHORT)
2026-07-29 12:02 UTC,MDT,,,,86.88,Sì,L2 (85.50) + VWAP 2 (88.47),CORRENTE DISCENDENTE (SHORT)
2026-07-29 12:02 UTC,DLO,,,,14.88,No,L1 (14.67),CORRENTE DISCENDENTE (SHORT)
2026-07-29 12:04 UTC,SGI,,,,72.1,No,L3 (73.43),CORRENTE DISCENDENTE (SHORT)
2026-07-29 12:04 UTC,WFC,,,,86.87,Sì,L1 (86.39) + L2 (85.51),CORRENTE DISCENDENTE (SHORT)
2026-07-29 12:05 UTC,VIV,,,,13.15,Sì,L2 (13.30) + L3 (13.26),CORRENTE DISCENDENTE (SHORT)
2026-07-29 12:06 UTC,LNG,,,,252.18,No,L1 (248.00),CORRENTE DISCENDENTE (SHORT)
2026-07-29 12:07 UTC,TFC,,,,52.99,No,L1 (52.00),CORRENTE DISCENDENTE (SHORT)
2026-07-29 12:07 UTC,UGP,,,,6.31,No,L3 (6.30),CORRENTE DISCENDENTE (SHORT)
2026-07-29 12:08 UTC,TMUS,,,,182.39,Sì,L1 (185.00) + VWAP 3 (184.66),CORRENTE DISCENDENTE (SHORT)
2026-07-29 12:09 UTC,DG,,,,125.97,No,L2 (125.00),CORRENTE DISCENDENTE (SHORT)
2026-07-29 12:09 UTC,HUN,,,,11.43,No,L1 (11.60),CORRENTE DISCENDENTE (SHORT)
2026-07-29 12:10 UTC,HPE,,,,45.59,No,VWAP 3 (45.30),CORRENTE DISCENDENTE (SHORT)
2026-07-29 12:10 UTC,BX,,,,133.9,No,VWAP 2 (131.29),CORRENTE DISCENDENTE (SHORT)
2026-07-29 12:11 UTC,J,,,,140.61,No,L2 (138.80),CORRENTE DISCENDENTE (SHORT)
2026-07-29 12:11 UTC,COF,,,,212.41,No,L1 (210.00),CORRENTE DISCENDENTE (SHORT)
2026-07-29 12:12 UTC,GOOGL,,,,333.71,No,L3 (340.00),CORRENTE DISCENDENTE (SHORT)
2026-07-29 12:12 UTC,GIS,,,,37.65,No,L1 (38.00),CORRENTE DISCENDENTE (SHORT)
2026-07-29 12:13 UTC,IDXX,,,,569.54,No,L2 (580.00),CORRENTE DISCENDENTE (SHORT)
2026-07-29 12:13 UTC,CAG,,,,15.43,No,L1 (15.50),CORRENTE DISCENDENTE (SHORT)
2026-07-29 12:14 UTC,RI,,,,66.82,No,L1 (66.00),CORRENTE DISCENDENTE (SHORT)
2026-07-29 12:15 UTC,NFLX,,,,72.39,No,L1 (73.00),CORRENTE DISCENDENTE (SHORT)
2026-07-29 12:15 UTC,THO,,,,79.28,No,L1 (80.00),CORRENTE DISCENDENTE (SHORT)
2026-07-29 12:16 UTC,COIN,,,,167.9,Sì,L1 (170.00) + VWAP 1 (169.32),CORRENTE DISCENDENTE (SHORT)
2026-07-29 12:17 UTC,CCS,,,,71.25,No,L1 (70.00),CORRENTE DISCENDENTE (SHORT)
2026-07-29 12:18 UTC,OVV,,,,59.15,No,L1 (60.00),CORRENTE DISCENDENTE (SHORT)
2026-07-29 12:19 UTC,NOC,,,,549.22,No,L1 (551.10),CORRENTE DISCENDENTE (SHORT)
2026-07-29 12:19 UTC,CXM,,,,6.31,No,L1 (6.25),CORRENTE DISCENDENTE (SHORT)
2026-07-29 12:20 UTC,ARM,,,,244.74,No,L1 (240.00),CORRENTE DISCENDENTE (SHORT)
2026-07-29 12:20 UTC,TYL,,,,333.35,No,L1 (340.00),CORRENTE DISCENDENTE (SHORT)
2026-07-29 12:22 UTC,CMCSA,,,,24.19,No,VWAP 3 (23.92),CORRENTE DISCENDENTE (SHORT)
2026-07-29 12:22 UTC,CPRT,,,,30.69,No,VWAP 3 (30.60),CORRENTE DISCENDENTE (SHORT)
2026-07-29 12:23 UTC,GEHC,,,,64.11,No,VWAP 3 (63.22),CORRENTE DISCENDENTE (SHORT)
2026-07-29 12:23 UTC,KDP,,,,31.08,No,VWAP 3 (30.88),CORRENTE DISCENDENTE (SHORT)
2026-07-29 12:24 UTC,MSFT,,,,393.35,Sì,L1 (399.08) + VWAP 3 (398.71),CORRENTE DISCENDENTE (SHORT)
2026-07-29 12:25 UTC,MSTR,,,,96.16,No,L1 (95.49),CORRENTE DISCENDENTE (SHORT)
2026-07-29 12:26 UTC,ROP,,,,390.92,No,VWAP 2 (395.53),CORRENTE DISCENDENTE (SHORT)
2026-07-29 12:28 UTC,MC.PA,,,,471.75,No,L1 (471.27),CORRENTE DISCENDENTE (SHORT)
2026-07-29 12:29 UTC,RNO.PA,,,,27.9,No,VWAP 3 (27.43),CORRENTE DISCENDENTE (SHORT)
2026-07-29 12:30 UTC,AOS,,,,64.01,No,L1 (64.24),CORRENTE DISCENDENTE (SHORT)
2026-07-29 12:30 UTC,AES,,,,14.83,No,VWAP 3 (14.61),CORRENTE DISCENDENTE (SHORT)
2026-07-29 12:31 UTC,ARE,,,,54.0,No,VWAP 2 (53.86),CORRENTE DISCENDENTE (SHORT)
2026-07-29 12:31 UTC,ALGN,,,,175.6,Sì,L1 (175.95) + VWAP 3 (172.36),CORRENTE DISCENDENTE (SHORT)
2026-07-29 12:31 UTC,AMT,,,,171.5,No,L1 (173.59),CORRENTE DISCENDENTE (SHORT)
2026-07-29 12:32 UTC,APO,,,,124.69,Sì,VWAP 2 (125.26) + VWAP 3 (126.27),CORRENTE DISCENDENTE (SHORT)
2026-07-29 12:32 UTC,AZO,,,,3118.8,No,VWAP 3 (3151.15),CORRENTE DISCENDENTE (SHORT)
2026-07-29 12:33 UTC,TECH,,,,72.07,No,L1 (71.40),CORRENTE DISCENDENTE (SHORT)
2026-07-29 12:33 UTC,BIIB,,,,205.61,No,VWAP 1 (201.74),CORRENTE DISCENDENTE (SHORT)
2026-07-29 12:33 UTC,BA,,,,221.56,Sì,VWAP 2 (218.57) + VWAP 3 (221.85),CORRENTE DISCENDENTE (SHORT)
2026-07-29 12:34 UTC,BRO,,,,73.65,No,VWAP 2 (74.28),CORRENTE DISCENDENTE (SHORT)
2026-07-29 12:34 UTC,BLDR,,,,73.68,No,L1 (74.37),CORRENTE DISCENDENTE (SHORT)
2026-07-29 12:35 UTC,CCL,,,,28.23,No,VWAP 2 (28.03),CORRENTE DISCENDENTE (SHORT)
2026-07-29 12:35 UTC,CNC,,,,63.91,No,L1 (63.60),CORRENTE DISCENDENTE (SHORT)
2026-07-29 12:35 UTC,CHTR,,,,139.97,No,VWAP 3 (139.59),CORRENTE DISCENDENTE (SHORT)
2026-07-29 12:36 UTC,CMG,,,,33.51,No,L1 (33.24),CORRENTE DISCENDENTE (SHORT)
2026-07-29 12:37 UTC,COO,,,,72.06,Sì,L1 (71.71) + VWAP 2 (72.13),CORRENTE DISCENDENTE (SHORT)
2026-07-29 12:37 UTC,DHR,,,,199.05,No,VWAP 2 (200.07),CORRENTE DISCENDENTE (SHORT)
2026-07-29 12:38 UTC,DECK,,,,103.92,Sì,L1 (103.03) + VWAP 2 (101.93) + VWAP 3 (104.58),CORRENTE DISCENDENTE (SHORT)
2026-07-29 12:38 UTC,DVN,,,,42.66,Sì,L1 (43.45) + VWAP 1 (42.86),CORRENTE DISCENDENTE (SHORT)
2026-07-29 12:38 UTC,DOW,,,,28.85,No,VWAP 2 (28.65),CORRENTE DISCENDENTE (SHORT)
2026-07-29 12:39 UTC,EW,,,,83.68,No,VWAP 2 (82.32),CORRENTE DISCENDENTE (SHORT)
2026-07-29 12:39 UTC,EME,,,,705.82,No,VWAP 2 (710.82),CORRENTE DISCENDENTE (SHORT)
2026-07-29 12:40 UTC,EL,,,,84.75,Sì,L1 (85.03) + VWAP 3 (84.22),CORRENTE DISCENDENTE (SHORT)
2026-07-29 12:40 UTC,EXE,,,,88.52,No,L1 (88.48),CORRENTE DISCENDENTE (SHORT)
2026-07-29 12:41 UTC,IT,,,,155.84,No,L1 (157.20),CORRENTE DISCENDENTE (SHORT)
2026-07-29 12:41 UTC,GNRC,,,,195.6,No,VWAP 2 (198.15),CORRENTE DISCENDENTE (SHORT)
2026-07-29 12:42 UTC,GDDY,,,,102.92,No,VWAP 2 (104.84),CORRENTE DISCENDENTE (SHORT)
2026-07-29 12:42 UTC,HAL,,,,31.23,No,VWAP 2 (31.53),CORRENTE DISCENDENTE (SHORT)
2026-07-29 12:43 UTC,HSY,,,,183.39,Sì,L1 (181.38) + VWAP 1 (185.43) + VWAP 3 (181.30),CORRENTE DISCENDENTE (SHORT)
2026-07-29 12:43 UTC,HII,,,,299.9,No,VWAP 3 (301.13),CORRENTE DISCENDENTE (SHORT)
2026-07-29 12:44 UTC,PODD,,,,167.47,No,L1 (165.91),CORRENTE DISCENDENTE (SHORT)
2026-07-29 12:44 UTC,LVS,,,,48.25,No,VWAP 3 (48.98),CORRENTE DISCENDENTE (SHORT)
2026-07-29 12:45 UTC,LDOS,,,,118.36,No,VWAP 3 (116.39),CORRENTE DISCENDENTE (SHORT)
2026-07-29 12:45 UTC,LEN,,,,87.65,No,VWAP 3 (87.65),CORRENTE DISCENDENTE (SHORT)
2026-07-29 12:45 UTC,LULU,,,,120.32,No,VWAP 3 (119.78),CORRENTE DISCENDENTE (SHORT)
2026-07-29 12:46 UTC,MCHP,,,,75.71,No,VWAP 2 (74.44),CORRENTE DISCENDENTE (SHORT)
2026-07-29 12:46 UTC,MAA,,,,135.64,No,VWAP 3 (133.01),CORRENTE DISCENDENTE (SHORT)
2026-07-29 12:47 UTC,NKE,,,,43.05,Sì,L1 (43.13) + VWAP 3 (43.41),CORRENTE DISCENDENTE (SHORT)
2026-07-29 12:47 UTC,NCLH,,,,21.22,No,VWAP 2 (20.93),CORRENTE DISCENDENTE (SHORT)
2026-07-29 12:47 UTC,NVR,,,,6471.37,No,L1 (6459.19),CORRENTE DISCENDENTE (SHORT)
2026-07-29 12:48 UTC,OXY,,,,53.93,Sì,L1 (54.83) + VWAP 1 (54.14),CORRENTE DISCENDENTE (SHORT)
2026-07-29 12:48 UTC,OTIS,,,,73.61,Sì,L1 (72.64) + VWAP 3 (72.57),CORRENTE DISCENDENTE (SHORT)
2026-07-29 12:49 UTC,PSKY,,,,8.07,No,L1 (8.03),CORRENTE DISCENDENTE (SHORT)
2026-07-29 12:49 UTC,PFE,,,,25.25,Sì,VWAP 1 (25.56) + VWAP 3 (24.79),CORRENTE DISCENDENTE (SHORT)
2026-07-29 12:49 UTC,PPG,,,,119.01,No,VWAP 1 (116.80),CORRENTE DISCENDENTE (SHORT)
2026-07-29 12:50 UTC,PTC,,,,127.51,No,VWAP 3 (128.00),CORRENTE DISCENDENTE (SHORT)
2026-07-29 12:50 UTC,RMD,,,,208.96,Sì,L1 (209.41) + VWAP 1 (212.33),CORRENTE DISCENDENTE (SHORT)
2026-07-29 12:51 UTC,HOOD,,,,92.76,No,VWAP 3 (93.92),CORRENTE DISCENDENTE (SHORT)
2026-07-29 12:51 UTC,ROL,,,,39.01,No,L1 (38.81),CORRENTE DISCENDENTE (SHORT)
2026-07-29 12:52 UTC,NOW,,,,110.62,No,L1 (109.02),CORRENTE DISCENDENTE (SHORT)
2026-07-29 12:52 UTC,SWKS,,,,64.68,No,VWAP 2 (65.67),CORRENTE DISCENDENTE (SHORT)
2026-07-29 12:52 UTC,SMCI,,,,28.45,No,L1 (28.79),CORRENTE DISCENDENTE (SHORT)
2026-07-29 12:53 UTC,TPL,,,,389.42,No,VWAP 3 (395.41),CORRENTE DISCENDENTE (SHORT)
2026-07-29 12:54 UTC,UPS,,,,105.53,No,VWAP 3 (105.91),CORRENTE DISCENDENTE (SHORT)
2026-07-29 12:55 UTC,UHS,,,,166.22,No,VWAP 1 (166.93),CORRENTE DISCENDENTE (SHORT)
2026-07-29 12:55 UTC,VEEV,,,,201.2,Sì,VWAP 1 (204.91) + VWAP 2 (203.32),CORRENTE DISCENDENTE (SHORT)
2026-07-29 12:56 UTC,DIS,,,,98.89,Sì,L1 (97.42) + VWAP 1 (98.23) + VWAP 3 (100.13),CORRENTE DISCENDENTE (SHORT)
2026-07-29 12:56 UTC,WST,,,,337.0,No,VWAP 3 (333.73),CORRENTE DISCENDENTE (SHORT)
2026-07-29 12:56 UTC,WY,,,,24.61,No,L1 (24.33),CORRENTE DISCENDENTE (SHORT)
2026-07-29 12:57 UTC,WYNN,,,,99.02,No,VWAP 3 (100.66),CORRENTE DISCENDENTE (SHORT)
2026-07-29 12:57 UTC,ZTS,,,,77.51,Sì,L1 (76.77) + VWAP 3 (78.92),CORRENTE DISCENDENTE (SHORT)
2026-07-29 12:58 UTC,ADS.DE,,,,180.65,No,L1 (180.12),CORRENTE DISCENDENTE (SHORT)
2026-07-29 12:58 UTC,BMW.DE,,,,59.74,No,L1 (60.30),CORRENTE DISCENDENTE (SHORT)
2026-07-29 12:58 UTC,CON.DE,,,,71.9,No,VWAP 3 (70.79),CORRENTE DISCENDENTE (SHORT)
2026-07-29 13:00 UTC,PAH3.DE,,,,28.9,No,VWAP 3 (29.11),CORRENTE DISCENDENTE (SHORT)
2026-07-29 13:00 UTC,QIA.DE,,,,36.8,No,VWAP 2 (36.80),CORRENTE DISCENDENTE (SHORT)
2026-07-29 13:00 UTC,RHM.DE,,,,1159.0,No,VWAP 3 (1137.47),CORRENTE DISCENDENTE (SHORT)
2026-07-29 13:01 UTC,SAP.DE,,,,159.58,No,VWAP 1 (162.56),CORRENTE DISCENDENTE (SHORT)
2026-07-29 13:01 UTC,ENR.DE,,,,136.94,No,VWAP 2 (135.54),CORRENTE DISCENDENTE (SHORT)
2026-07-29 13:02 UTC,VNA.DE,,,,21.11,Sì,L1 (21.11) + VWAP 3 (21.12),CORRENTE DISCENDENTE (SHORT)
2026-07-29 13:02 UTC,AMP.MI,,,,11.72,No,VWAP 2 (11.75),CORRENTE DISCENDENTE (SHORT)
2026-07-29 13:03 UTC,BC.MI,,,,83.6,Sì,L1 (83.04) + VWAP 3 (83.09),CORRENTE DISCENDENTE (SHORT)
2026-07-29 13:03 UTC,CPR.MI,,,,5.832,No,VWAP 2 (5.81),CORRENTE DISCENDENTE (SHORT)
2026-07-29 14:27 UTC,TSCO,,,,30.9,No,VWAP 3 (30.74),CORRENTE DISCENDENTE (SHORT)
2026-07-29 14:27 UTC,FTK,,,,22.42,No,L1 (22.74),CORRENTE DISCENDENTE (SHORT)
2026-07-29 14:28 UTC,UPST,,,,26.4,No,L3 (26.00),CORRENTE DISCENDENTE (SHORT)
2026-07-29 14:30 UTC,TEVA,,,,34.7,Sì,L1 (34.54) + L2 (35.20) + L3 (34.25),CORRENTE DISCENDENTE (SHORT)
2026-07-29 14:31 UTC,FAST,,,,47.61,No,L1 (46.79),CORRENTE DISCENDENTE (SHORT)
2026-07-29 14:35 UTC,VIST,,,,66.48,No,L1 (67.00),CORRENTE DISCENDENTE (SHORT)
2026-07-29 14:35 UTC,CVNA,,,,66.72,Sì,L2 (67.50) + VWAP 3 (67.93),CORRENTE DISCENDENTE (SHORT)
2026-07-29 14:39 UTC,CPR,,,,5.894,No,L2 (6.00),CORRENTE DISCENDENTE (SHORT)
2026-07-29 14:41 UTC,PKX,,,,49.39,No,L2 (50.00),CORRENTE DISCENDENTE (SHORT)
2026-07-29 14:42 UTC,DOV,,,,197.775,No,L1 (195.00),CORRENTE DISCENDENTE (SHORT)
2026-07-29 14:43 UTC,SWK,,,,91.735,No,L1 (92.00),CORRENTE DISCENDENTE (SHORT)
2026-07-29 14:43 UTC,BSX,,,,46.28,No,L1 (46.00),CORRENTE DISCENDENTE (SHORT)
2026-07-29 14:45 UTC,ADSK,,,,244.125,No,VWAP 1 (243.73),CORRENTE DISCENDENTE (SHORT)
2026-07-29 14:49 UTC,QCOM,,,,159.43,No,L1 (160.00),CORRENTE DISCENDENTE (SHORT)
2026-07-29 14:51 UTC,WDAY,,,,165.63,No,VWAP 2 (166.78),CORRENTE DISCENDENTE (SHORT)
2026-07-29 14:51 UTC,CAP.PA,,,,107.2,No,VWAP 2 (109.04),CORRENTE DISCENDENTE (SHORT)
2026-07-29 14:52 UTC,DSY.PA,,,,20.9,No,VWAP 2 (21.07),CORRENTE DISCENDENTE (SHORT)
2026-07-29 14:52 UTC,EL.PA,,,,165.4,No,L1 (168.26),CORRENTE DISCENDENTE (SHORT)
2026-07-29 14:55 UTC,APA,,,,36.245,No,VWAP 3 (35.72),CORRENTE DISCENDENTE (SHORT)
2026-07-29 14:56 UTC,ARES,,,,124.49,Sì,VWAP 1 (124.97) + VWAP 3 (123.28),CORRENTE DISCENDENTE (SHORT)
2026-07-29 15:01 UTC,FICO,,,,1384.605,No,VWAP 2 (1374.57),CORRENTE DISCENDENTE (SHORT)
2026-07-29 15:04 UTC,IFF,,,,77.8601,Sì,VWAP 1 (77.62) + VWAP 3 (76.76),CORRENTE DISCENDENTE (SHORT)
2026-07-29 15:06 UTC,MOS,,,,22.48,Sì,L1 (22.16) + VWAP 3 (22.23),CORRENTE DISCENDENTE (SHORT)
2026-07-29 15:12 UTC,VRSK,,,,220.355,No,VWAP 1 (221.07),CORRENTE DISCENDENTE (SHORT)
2026-07-29 15:13 UTC,ZBRA,,,,282.35,No,VWAP 1 (278.52),CORRENTE DISCENDENTE (SHORT)
2026-07-29 15:15 UTC,HEN3.DE,,,,76.2,No,L1 (77.66),CORRENTE DISCENDENTE (SHORT)
2026-07-29 15:15 UTC,MBG.DE,,,,46.855,No,VWAP 3 (47.64),CORRENTE DISCENDENTE (SHORT)
2026-07-29 15:19 UTC,INSM,,,,104.655,No,VWAP 3 (106.01),CORRENTE DISCENDENTE (SHORT)
2026-07-29 15:19 UTC,AVY,,,,167.01,No,VWAP 2 (169.42),CORRENTE DISCENDENTE (SHORT)
2026-07-29 15:20 UTC,SGO.PA,,,,75.76,Sì,POC (75.17) + VWAP 3 (76.03),CORRENTE DISCENDENTE (SHORT)
2026-07-29 15:20 UTC,HONA,,,,206.455,No,POC (209.46),CORRENTE DISCENDENTE (SHORT)
2026-07-29 15:21 UTC,LUV,,,,44.86,No,VWAP 3 (44.63),CORRENTE DISCENDENTE (SHORT)
2026-07-29 16:39 UTC,LRCX,,,,252.85,No,L1 (250.00),CORRENTE DISCENDENTE (SHORT)
2026-07-29 16:45 UTC,AKAM,,,,108.22,No,VWAP 2 (106.47),CORRENTE DISCENDENTE (SHORT)
2026-07-29 16:52 UTC,FSLR,,,,200.39,No,L1 (196.61),CORRENTE DISCENDENTE (SHORT)
2026-07-29 17:01 UTC,TSN,,,,60.98,No,VWAP 3 (59.96),CORRENTE DISCENDENTE (SHORT)
2026-07-29 17:02 UTC,VRT,,,,225.035,No,VWAP 2 (223.21),CORRENTE DISCENDENTE (SHORT)
2026-07-29 17:06 UTC,G24.DE,,,,79.0,No,VWAP 2 (80.19),CORRENTE DISCENDENTE (SHORT)
2026-07-29 17:10 UTC,FIVN,,,,27.5523,No,L2 (28.00),CORRENTE DISCENDENTE (SHORT)
2026-07-29 17:10 UTC,YMM,,,,9.505,No,L1 (9.50),CORRENTE DISCENDENTE (SHORT)
2026-07-29 17:11 UTC,CARR,,,,61.04,No,VWAP 2 (60.58),CORRENTE DISCENDENTE (SHORT)
2026-07-29 17:11 UTC,NXPI,,,,243.08,No,VWAP 2 (242.10),CORRENTE DISCENDENTE (SHORT)
2026-07-29 18:06 UTC,LOW,,,,218.7101,No,L2 (223.00),CORRENTE DISCENDENTE (SHORT)
2026-07-29 18:12 UTC,SOFI,,,,15.575,No,L3 (15.50),CORRENTE DISCENDENTE (SHORT)
2026-07-29 18:13 UTC,FRO,,,,39.355,No,L1 (40.00),CORRENTE DISCENDENTE (SHORT)
2026-07-29 18:46 UTC,UBER,,,,71.5206,Sì,L1 (72.57) + VWAP 3 (72.61),CORRENTE DISCENDENTE (SHORT)
2026-07-29 18:46 UTC,ULTA,,,,512.955,No,L1 (522.14),CORRENTE DISCENDENTE (SHORT)
2026-07-29 18:55 UTC,MDLZ,,,,64.995,No,L1 (64.00),CORRENTE DISCENDENTE (SHORT)
2026-07-29 20:18 UTC,CBRS,,,,169.39,No,L3 (170.00),CORRENTE DISCENDENTE (SHORT)
2026-07-29 20:20 UTC,BLK,,,,1079.1899,No,L1 (1060.00),CORRENTE DISCENDENTE (SHORT)
2026-07-29 20:24 UTC,MMM,,,,177.95,No,L1 (175.00),CORRENTE DISCENDENTE (SHORT)
2026-07-29 20:29 UTC,AXON,,,,531.2,No,VWAP 2 (534.51),CORRENTE DISCENDENTE (SHORT)
2026-07-29 20:46 UTC,KKR,,,,99.28,No,VWAP 1 (97.80),CORRENTE DISCENDENTE (SHORT)
2026-07-30 02:13 UTC,GBPJPY,,,,218.2908,Sì,L1 (215.40) + L2 (215.27) + L3 (215.05),N/D (NEUTRO)
2026-07-30 08:26 UTC,NESN,,,,83.76,No,L1 (84.55),CORRENTE DISCENDENTE (SHORT)
2026-07-30 08:46 UTC,STLAP.PA,,,,5.025,No,L1 (4.95),CORRENTE DISCENDENTE (SHORT)
2026-07-30 09:09 UTC,SY1.DE,,,,94.08,No,L1 (93.71),CORRENTE DISCENDENTE (SHORT)
2026-07-30 09:10 UTC,DIA.MI,,,,70.46,No,L1 (69.11),CORRENTE DISCENDENTE (SHORT)
2026-07-30 09:11 UTC,NEXI.MI,,,,4.314,No,L2 (4.25),CORRENTE DISCENDENTE (SHORT)
2026-07-30 09:11 UTC,STLAM.MI,,,,5.018,No,L1 (4.98),CORRENTE DISCENDENTE (SHORT)
2026-07-30 13:58 UTC,DNA,,,,7.85,No,L3 (8.00),CORRENTE DISCENDENTE (SHORT)
2026-07-30 14:00 UTC,PATH,,,,11.8932,No,L2 (11.92),CORRENTE DISCENDENTE (SHORT)
2026-07-30 14:03 UTC,CI,,,,285.5325,No,L1 (290.00),CORRENTE DISCENDENTE (SHORT)
2026-07-30 14:03 UTC,WDC,,,,537.29,No,L1 (530.00),CORRENTE DISCENDENTE (SHORT)
2026-07-30 14:05 UTC,EFX,,,,176.57,No,L1 (176.00),CORRENTE DISCENDENTE (SHORT)
2026-07-30 14:07 UTC,KIM,,,,25.55,No,L1 (25.50),CORRENTE DISCENDENTE (SHORT)
2026-07-30 14:08 UTC,TRI,,,,100.76,No,L1 (100.00),CORRENTE DISCENDENTE (SHORT)
2026-07-30 14:08 UTC,ASAN,,,,7.855,No,L1 (8.00),CORRENTE DISCENDENTE (SHORT)
2026-07-30 14:13 UTC,CEG,,,,267.3525,No,VWAP 3 (269.63),CORRENTE DISCENDENTE (SHORT)
2026-07-30 14:14 UTC,INTU,,,,307.5201,No,VWAP 3 (304.49),CORRENTE DISCENDENTE (SHORT)
2026-07-30 14:17 UTC,PDD,,,,86.2,No,VWAP 3 (86.40),CORRENTE DISCENDENTE (SHORT)
2026-07-30 14:25 UTC,CSGP,,,,28.54,No,L1 (28.14),CORRENTE DISCENDENTE (SHORT)
2026-07-30 14:28 UTC,FISV,,,,53.71,No,VWAP 3 (52.95),CORRENTE DISCENDENTE (SHORT)
2026-07-30 14:29 UTC,HCA,,,,395.74,Sì,L2 (390.00) + VWAP 3 (393.11),CORRENTE DISCENDENTE (SHORT)
2026-07-30 14:30 UTC,HRL,,,,24.885,No,L1 (24.40),CORRENTE DISCENDENTE (SHORT)
2026-07-30 14:32 UTC,TAP,,,,41.175,No,VWAP 3 (40.58),CORRENTE DISCENDENTE (SHORT)
2026-07-30 14:34 UTC,PNR,,,,64.415,No,L1 (63.26),CORRENTE DISCENDENTE (SHORT)
2026-07-30 14:37 UTC,TTD,,,,18.125,No,L1 (18.25),CORRENTE DISCENDENTE (SHORT)
2026-07-30 14:37 UTC,TRMB,,,,56.05,No,L1 (55.95),CORRENTE DISCENDENTE (SHORT)
2026-07-30 16:12 UTC,STX,,,,844.97,No,VWAP 3 (856.30),CORRENTE DISCENDENTE (SHORT)
2026-07-30 16:20 UTC,GLW,,,,134.51,No,VWAP 2 (136.72),CORRENTE DISCENDENTE (SHORT)
2026-07-30 19:28 UTC,IONQ,,,,35.725,No,L3 (36.00),CORRENTE DISCENDENTE (SHORT)
2026-07-30 19:58 UTC,NEM,,,,95.73,No,VWAP 2 (97.01),CORRENTE DISCENDENTE (SHORT)
2026-07-30 21:56 UTC,CRH,,,,96.0,No,POC1 (96.94),CORRENTE DISCENDENTE (SHORT)
2026-07-30 21:56 UTC,DHI,,,,145.53,No,POC1 (143.75),CORRENTE DISCENDENTE (SHORT)
2026-07-30 23:54 UTC,GFS,,,,49.89,Sì,VWAP 1 (50.74) + VWAP 2 (50.05),CORRENTE DISCENDENTE (SHORT)
2026-07-30 23:55 UTC,ZS,,,,148.39,No,POC1 (145.86),CORRENTE DISCENDENTE (SHORT)
2026-07-31 09:46 UTC,SPCX,,,,112.2,Sì,L2 (113.00) + L3 (112.00),CORRENTE DISCENDENTE (SHORT)
2026-07-31 10:33 UTC,SAN.PA,,,,74.29,Sì,POC1 (75.21) + VWAP 3 (75.30),CORRENTE DISCENDENTE (SHORT)
2026-07-31 14:24 UTC,RIVN,,,,15.61,No,L3 (15.63),CORRENTE DISCENDENTE (SHORT)
2026-07-31 14:33 UTC,BDX,,,,163.095,No,L1 (160.00),CORRENTE DISCENDENTE (SHORT)
2026-07-31 14:33 UTC,SNN,,,,31.29,No,L1 (31.20),CORRENTE DISCENDENTE (SHORT)
2026-07-31 14:43 UTC,MPWR,,,,1444.83,No,VWAP 3 (1457.91),CORRENTE DISCENDENTE (SHORT)
2026-07-31 14:51 UTC,CLX,,,,95.38,No,VWAP 3 (93.53),CORRENTE DISCENDENTE (SHORT)
2026-07-31 14:55 UTC,FDS,,,,261.305,No,L1 (256.27),CORRENTE DISCENDENTE (SHORT)
2026-07-31 14:57 UTC,IBM,,,,219.715,No,L1 (215.68),CORRENTE DISCENDENTE (SHORT)
2026-07-31 15:06 UTC,ZBH,,,,92.27,No,VWAP 2 (91.41),CORRENTE DISCENDENTE (SHORT)
2026-07-31 15:14 UTC,CCJ,,,,86.77,No,L2 (86.00),CORRENTE DISCENDENTE (SHORT)
2026-07-31 17:05 UTC,TER,,,,377.42,No,VWAP 3 (380.17),CORRENTE DISCENDENTE (SHORT)
2026-07-31 17:06 UTC,WBD,,,,26.195,No,VWAP 3 (26.70),CORRENTE DISCENDENTE (SHORT)
2026-07-31 17:32 UTC,HUBS,,,,237.74,No,L1 (240.00),CORRENTE DISCENDENTE (SHORT)
2026-07-31 17:34 UTC,FCEL,,,,22.8456,No,L1 (23.00),CORRENTE DISCENDENTE (SHORT)
2026-07-31 17:35 UTC,JD,,,,32.875,No,L1 (33.00),CORRENTE DISCENDENTE (SHORT)
2026-08-01 00:36 UTC,NRG,,,,134.29,No,VWAP 3 (137.00),CORRENTE ASCENDENTE (LONG)
2026-08-01 00:51 UTC,AJG,,,,249.42,No,VWAP 1 (247.63),CORRENTE ASCENDENTE (LONG)
2026-08-01 00:51 UTC,CPT,,,,110.81,No,VWAP 3 (109.71),CORRENTE ASCENDENTE (LONG)
2026-08-01 00:51 UTC,LII,,,,415.88,No,POC2 (415.57),CORRENTE ASCENDENTE (LONG)
2026-08-01 13:16 UTC,DASH,,,,196.16,No,VWAP 2 (199.26),CORRENTE ASCENDENTE (LONG)
2026-08-01 13:17 UTC,ODD,,,,14.18,No,L3 (14.00),CORRENTE ASCENDENTE (LONG)
2026-08-01 13:18 UTC,MDT,,,,85.39,No,L2 (85.50),CORRENTE ASCENDENTE (LONG)
2026-08-01 13:20 UTC,WFC,,,,86.45,Sì,L1 (86.39) + L2 (85.51),CORRENTE ASCENDENTE (LONG)
2026-08-01 13:22 UTC,TFC,,,,51.84,No,L1 (52.00),CORRENTE ASCENDENTE (LONG)
2026-08-01 13:23 UTC,TMUS,,,,172.71,No,L2 (176.00),CORRENTE ASCENDENTE (LONG)
2026-08-01 13:23 UTC,DG,,,,127.05,No,L2 (125.00),CORRENTE ASCENDENTE (LONG)
2026-08-01 13:25 UTC,BX,,,,127.75,No,L2 (127.00),CORRENTE ASCENDENTE (LONG)
2026-08-01 13:26 UTC,COF,,,,209.01,No,L1 (210.00),CORRENTE ASCENDENTE (LONG)
2026-08-01 13:26 UTC,GOOGL,,,,356.13,No,L2 (355.55),CORRENTE ASCENDENTE (LONG)
2026-08-01 13:27 UTC,IDXX,,,,559.07,Sì,L1 (557.80) + VWAP 3 (555.36),CORRENTE ASCENDENTE (LONG)
2026-08-01 13:28 UTC,CAG,,,,14.51,No,L2 (14.50),CORRENTE ASCENDENTE (LONG)
2026-08-01 13:29 UTC,NFLX,,,,71.71,No,L1 (73.00),CORRENTE ASCENDENTE (LONG)
2026-08-01 13:32 UTC,NOC,,,,542.48,Sì,L1 (551.10) + VWAP 3 (536.27),CORRENTE ASCENDENTE (LONG)
2026-08-01 13:33 UTC,CXM,,,,6.36,No,L1 (6.25),CORRENTE ASCENDENTE (LONG)
2026-08-01 13:33 UTC,ARM,,,,239.69,No,L1 (240.00),CORRENTE ASCENDENTE (LONG)
2026-08-01 13:33 UTC,TYL,,,,309.6,Sì,L2 (315.00) + VWAP 3 (307.16),CORRENTE ASCENDENTE (LONG)
2026-08-01 13:35 UTC,CMCSA,,,,23.96,No,VWAP 3 (23.94),CORRENTE ASCENDENTE (LONG)
2026-08-01 13:35 UTC,CPRT,,,,29.12,No,L1 (28.90),CORRENTE ASCENDENTE (LONG)
2026-08-01 13:36 UTC,KDP,,,,31.12,No,VWAP 3 (30.88),CORRENTE ASCENDENTE (LONG)
2026-08-01 13:39 UTC,ROP,,,,391.97,No,VWAP 2 (395.61),CORRENTE ASCENDENTE (LONG)
2026-08-01 13:41 UTC,MC.PA,,,,475.15,Sì,L1 (471.27) + VWAP 3 (482.36),CORRENTE ASCENDENTE (LONG)
2026-08-01 13:41 UTC,RNO.PA,,,,27.26,No,VWAP 3 (27.26),CORRENTE ASCENDENTE (LONG)
2026-08-01 13:42 UTC,AOS,,,,60.13,No,VWAP 3 (59.29),CORRENTE ASCENDENTE (LONG)
2026-08-01 13:43 UTC,AES,,,,14.68,No,VWAP 3 (14.61),CORRENTE ASCENDENTE (LONG)
2026-08-01 13:43 UTC,ALGN,,,,169.16,No,VWAP 3 (172.21),CORRENTE ASCENDENTE (LONG)
2026-08-01 13:44 UTC,AMT,,,,173.36,Sì,L1 (173.59) + VWAP 3 (175.63),CORRENTE ASCENDENTE (LONG)
2026-08-01 13:44 UTC,APO,,,,125.59,Sì,VWAP 2 (125.46) + VWAP 3 (125.84),CORRENTE ASCENDENTE (LONG)
2026-08-01 13:45 UTC,AZO,,,,3016.25,Sì,L1 (2975.84) + VWAP 1 (3027.94),CORRENTE ASCENDENTE (LONG)
2026-08-01 13:45 UTC,TECH,,,,72.09,No,L1 (71.40),CORRENTE ASCENDENTE (LONG)
2026-08-01 13:46 UTC,BIIB,,,,202.95,Sì,VWAP 1 (202.11) + VWAP 3 (199.70),CORRENTE ASCENDENTE (LONG)
2026-08-01 13:46 UTC,BA,,,,216.14,Sì,L1 (215.66) + VWAP 2 (218.70),CORRENTE ASCENDENTE (LONG)
2026-08-01 13:47 UTC,CCL,,,,27.81,No,VWAP 2 (28.02),CORRENTE ASCENDENTE (LONG)
2026-08-01 13:47 UTC,CNC,,,,62.22,No,VWAP 3 (61.71),CORRENTE ASCENDENTE (LONG)
2026-08-01 13:49 UTC,COO,,,,72.32,Sì,L1 (71.71) + VWAP 2 (71.84),CORRENTE ASCENDENTE (LONG)
2026-08-01 13:49 UTC,DHR,,,,194.98,No,L1 (194.89),CORRENTE ASCENDENTE (LONG)
2026-08-01 13:50 UTC,DVN,,,,45.13,No,VWAP 3 (44.66),CORRENTE ASCENDENTE (LONG)
2026-08-01 13:51 UTC,EW,,,,86.07,No,VWAP 3 (86.39),CORRENTE ASCENDENTE (LONG)
2026-08-01 13:52 UTC,EL,,,,83.9,Sì,L1 (85.03) + VWAP 3 (83.76),CORRENTE ASCENDENTE (LONG)
2026-08-01 13:53 UTC,GNRC,,,,197.11,No,VWAP 2 (198.26),CORRENTE ASCENDENTE (LONG)
2026-08-01 13:55 UTC,HII,,,,326.45,No,VWAP 2 (332.48),CORRENTE ASCENDENTE (LONG)
2026-08-01 13:55 UTC,PODD,,,,165.35,No,L1 (165.91),CORRENTE ASCENDENTE (LONG)
2026-08-01 13:56 UTC,LVS,,,,48.89,No,VWAP 3 (48.95),CORRENTE ASCENDENTE (LONG)
2026-08-01 13:56 UTC,LDOS,,,,115.6,No,VWAP 3 (116.57),CORRENTE ASCENDENTE (LONG)
2026-08-01 13:57 UTC,LULU,,,,118.87,No,VWAP 3 (119.94),CORRENTE ASCENDENTE (LONG)
2026-08-01 13:57 UTC,MCHP,,,,74.29,Sì,L1 (73.40) + VWAP 2 (74.47),CORRENTE ASCENDENTE (LONG)
2026-08-01 13:57 UTC,MAA,,,,132.34,Sì,L1 (129.98) + VWAP 1 (132.26) + VWAP 2 (130.15) + VWAP 3 (132.87),CORRENTE ASCENDENTE (LONG)
2026-08-01 13:58 UTC,NCLH,,,,18.53,Sì,L1 (18.86) + VWAP 1 (18.59) + VWAP 3 (18.50),CORRENTE ASCENDENTE (LONG)
2026-08-01 13:59 UTC,OTIS,,,,71.95,Sì,L1 (72.64) + VWAP 3 (72.55),CORRENTE ASCENDENTE (LONG)
2026-08-01 14:00 UTC,PSKY,,,,7.96,No,L1 (8.03),CORRENTE ASCENDENTE (LONG)
2026-08-01 14:00 UTC,PFE,,,,25.01,No,VWAP 3 (24.78),CORRENTE ASCENDENTE (LONG)
2026-08-01 14:01 UTC,RMD,,,,210.98,Sì,L1 (209.41) + VWAP 1 (212.35),CORRENTE ASCENDENTE (LONG)
2026-08-01 14:02 UTC,SMCI,,,,28.4,No,L1 (28.79),CORRENTE ASCENDENTE (LONG)
2026-08-01 14:03 UTC,TPL,,,,402.58,No,VWAP 3 (396.04),CORRENTE ASCENDENTE (LONG)
2026-08-01 14:04 UTC,UPS,,,,104.22,No,VWAP 3 (105.72),CORRENTE ASCENDENTE (LONG)
2026-08-01 14:04 UTC,UHS,,,,168.44,No,VWAP 1 (166.45),CORRENTE ASCENDENTE (LONG)
2026-08-01 14:05 UTC,VEEV,,,,203.78,Sì,VWAP 1 (205.11) + VWAP 2 (204.14),CORRENTE ASCENDENTE (LONG)
2026-08-01 14:06 UTC,DIS,,,,96.19,No,L1 (97.42),CORRENTE ASCENDENTE (LONG)
2026-08-01 14:06 UTC,WYNN,,,,99.31,No,VWAP 3 (100.60),CORRENTE ASCENDENTE (LONG)
2026-08-01 14:07 UTC,ZTS,,,,77.29,Sì,L1 (76.77) + VWAP 3 (78.82),CORRENTE ASCENDENTE (LONG)
2026-08-01 14:07 UTC,ADS.DE,,,,159.4,No,VWAP 2 (158.79),CORRENTE ASCENDENTE (LONG)
2026-08-01 14:08 UTC,BMW.DE,,,,59.3,No,L1 (60.30),CORRENTE ASCENDENTE (LONG)
2026-08-01 14:08 UTC,CON.DE,,,,71.86,No,VWAP 3 (70.80),CORRENTE ASCENDENTE (LONG)
2026-08-01 14:09 UTC,PAH3.DE,,,,28.78,No,VWAP 3 (29.11),CORRENTE ASCENDENTE (LONG)
2026-08-01 14:10 UTC,RHM.DE,,,,1140.0,No,VWAP 3 (1135.54),CORRENTE ASCENDENTE (LONG)
2026-08-01 14:11 UTC,VNA.DE,,,,21.03,Sì,L1 (21.11) + VWAP 3 (21.01),CORRENTE ASCENDENTE (LONG)
2026-08-01 14:11 UTC,BC.MI,,,,87.92,Sì,VWAP 1 (88.26) + VWAP 2 (86.32),CORRENTE ASCENDENTE (LONG)
2026-08-01 14:12 UTC,CPR.MI,,,,5.896,No,VWAP 2 (5.81),CORRENTE ASCENDENTE (LONG)
2026-08-01 14:59 UTC,TSCO,,,,30.77,No,VWAP 3 (30.77),CORRENTE ASCENDENTE (LONG)
2026-08-01 15:00 UTC,UPST,,,,27.44,No,L2 (27.00),CORRENTE ASCENDENTE (LONG)
2026-08-01 15:02 UTC,TEVA,,,,35.01,Sì,L1 (34.54) + L2 (35.20),CORRENTE ASCENDENTE (LONG)
2026-08-01 15:03 UTC,FAST,,,,47.71,No,L1 (46.79),CORRENTE ASCENDENTE (LONG)
2026-08-01 15:10 UTC,CPR,,,,5.896,No,L2 (6.00),CORRENTE ASCENDENTE (LONG)
2026-08-01 15:12 UTC,PKX,,,,53.17,No,L1 (53.00),CORRENTE ASCENDENTE (LONG)
2026-08-01 15:14 UTC,BSX,,,,46.73,No,L1 (46.00),CORRENTE ASCENDENTE (LONG)
2026-08-01 15:19 UTC,QCOM,,,,147.61,No,L2 (150.00),CORRENTE ASCENDENTE (LONG)
2026-08-01 15:34 UTC,MOS,,,,22.12,Sì,L1 (22.16) + VWAP 3 (22.17),CORRENTE ASCENDENTE (LONG)
2026-08-01 15:43 UTC,MBG.DE,,,,46.73,No,VWAP 3 (47.64),CORRENTE ASCENDENTE (LONG)
2026-08-01 15:47 UTC,HONA,,,,206.74,No,POC1 (204.48),CORRENTE ASCENDENTE (LONG)
2026-08-01 15:51 UTC,LUV,,,,44.97,No,VWAP 3 (44.86),CORRENTE ASCENDENTE (LONG)
2026-08-01 15:52 UTC,SGO.PA,,,,81.28,No,VWAP 2 (79.97),CORRENTE ASCENDENTE (LONG)
2026-08-01 18:38 UTC,TSN,,,,57.96,No,VWAP 2 (57.99),CORRENTE ASCENDENTE (LONG)
2026-08-01 18:43 UTC,G24.DE,,,,74.35,Sì,L1 (74.29) + VWAP 1 (73.40),CORRENTE ASCENDENTE (LONG)
2026-08-01 18:46 UTC,FIVN,,,,27.51,No,L2 (28.00),CORRENTE ASCENDENTE (LONG)
2026-08-01 18:47 UTC,YMM,,,,9.49,No,L1 (9.50),CORRENTE ASCENDENTE (LONG)
2026-08-01 18:47 UTC,NXPI,,,,229.16,No,POC2 (225.61),CORRENTE ASCENDENTE (LONG)
2026-08-01 19:27 UTC,SOFI,,,,16.31,No,L2 (16.00),CORRENTE ASCENDENTE (LONG)
2026-08-01 19:28 UTC,FRO,,,,39.37,No,L1 (40.00),CORRENTE ASCENDENTE (LONG)
2026-08-01 20:01 UTC,ULTA,,,,512.83,No,L1 (522.14),CORRENTE ASCENDENTE (LONG)
2026-08-01 21:02 UTC,MMM,,,,176.28,No,L1 (175.00),CORRENTE ASCENDENTE (LONG)
2026-08-01 21:06 UTC,AXON,,,,527.76,No,VWAP 2 (536.16),CORRENTE ASCENDENTE (LONG)
2026-08-02 02:47 UTC,GBPJPY,,,,212.3539,Sì,L1 (215.40) + L2 (215.27) + L3 (215.05),CORRENTE ASCENDENTE (LONG)
2026-08-02 08:27 UTC,NESN,,,,81.01,No,L2 (80.00),CORRENTE ASCENDENTE (LONG)
2026-08-02 08:47 UTC,STLAP.PA,,,,4.97,No,L1 (4.95),CORRENTE ASCENDENTE (LONG)
2026-08-02 09:09 UTC,SY1.DE,,,,89.1,No,VWAP 1 (90.78),CORRENTE ASCENDENTE (LONG)
2026-08-02 09:11 UTC,NEXI.MI,,,,4.242,No,L2 (4.25),CORRENTE ASCENDENTE (LONG)
2026-08-02 09:12 UTC,STLAM.MI,,,,4.962,No,L1 (4.98),CORRENTE ASCENDENTE (LONG)
2026-08-02 14:29 UTC,DNA,,,,8.09,No,L3 (8.00),CORRENTE ASCENDENTE (LONG)
2026-08-02 14:37 UTC,EFX,,,,172.62,Sì,L1 (176.00) + L2 (172.50),CORRENTE ASCENDENTE (LONG)
2026-08-02 14:39 UTC,KIM,,,,25.48,No,L1 (25.50),CORRENTE ASCENDENTE (LONG)
2026-08-02 14:40 UTC,TRI,,,,98.13,No,L1 (100.00),CORRENTE ASCENDENTE (LONG)
2026-08-02 15:07 UTC,TTD,,,,18.04,No,L1 (18.25),CORRENTE ASCENDENTE (LONG)
2026-08-02 15:07 UTC,TRMB,,,,56.58,No,L1 (55.95),CORRENTE ASCENDENTE (LONG)
2026-08-02 16:19 UTC,STX,,,,856.13,No,VWAP 3 (868.17),CORRENTE ASCENDENTE (LONG)
2026-08-02 16:27 UTC,GLW,,,,138.25,No,VWAP 2 (137.45),CORRENTE ASCENDENTE (LONG)
2026-08-02 20:58 UTC,IONQ,,,,36.44,No,L3 (36.00),CORRENTE ASCENDENTE (LONG)
2026-08-02 22:43 UTC,CRH,,,,95.01,Sì,L1 (96.00) + POC1 (96.94),CORRENTE ASCENDENTE (LONG)
2026-08-02 22:43 UTC,DHI,,,,143.06,No,POC1 (143.75),CORRENTE ASCENDENTE (LONG)
2026-08-03 00:46 UTC,GFS,,,,49.99,Sì,VWAP 1 (50.75) + VWAP 2 (50.07),CORRENTE ASCENDENTE (LONG)
2026-08-03 00:47 UTC,ZS,,,,151.2,No,POC2 (150.05),CORRENTE ASCENDENTE (LONG)
2026-08-03 07:19 UTC,EL.PA,,,,164.95,No,L1 (168.26),CORRENTE ASCENDENTE (LONG)
2026-08-03 07:41 UTC,HEN3.DE,,,,76.18,No,L1 (77.66),CORRENTE ASCENDENTE (LONG)
2026-08-03 07:42 UTC,QIA.DE,,,,36.305,No,VWAP 2 (36.83),CORRENTE ASCENDENTE (LONG)
2026-08-03 07:42 UTC,SAP.DE,,,,163.4,No,VWAP 1 (162.73),CORRENTE ASCENDENTE (LONG)
2026-08-03 10:52 UTC,AF,,,,12.525,No,L1 (12.65),CORRENTE ASCENDENTE (LONG)
2026-08-03 11:10 UTC,CAP.PA,,,,107.55,No,VWAP 2 (108.85),CORRENTE ASCENDENTE (LONG)
2026-08-03 11:10 UTC,DSY.PA,,,,21.26,No,VWAP 2 (20.99),CORRENTE ASCENDENTE (LONG)
2026-08-03 11:31 UTC,BEI.DE,,,,78.6,No,L1 (77.45),CORRENTE ASCENDENTE (LONG)
2026-08-03 11:34 UTC,AVIO.MI,,,,30.0,No,VWAP 1 (30.43),CORRENTE ASCENDENTE (LONG)
2026-08-03 11:39 UTC,SAN.PA,,,,75.37,Sì,POC1 (75.21) + VWAP 2 (76.79) + VWAP 3 (75.28),CORRENTE ASCENDENTE (LONG)
2026-08-03 13:31 UTC,MONC.MI,,,,50.48,Sì,VWAP 2 (51.16) + VWAP 3 (51.49),CORRENTE ASCENDENTE (LONG)
2026-08-03 13:33 UTC,MDLZ,,,,63.535,No,L1 (64.00),CORRENTE ASCENDENTE (LONG)
2026-08-03 13:33 UTC,GPC,,,,128.795,No,VWAP 1 (127.57),CORRENTE ASCENDENTE (LONG)
2026-08-03 13:40 UTC,LOW,,,,213.275,Sì,VWAP 1 (216.77) + VWAP 3 (215.22),CORRENTE ASCENDENTE (LONG)
2026-08-03 13:46 UTC,VIST,,,,67.905,Sì,L1 (67.00) + L3 (68.00),CORRENTE ASCENDENTE (LONG)
2026-08-03 13:47 UTC,J,,,,138.56,No,L2 (138.80),CORRENTE ASCENDENTE (LONG)
2026-08-03 13:51 UTC,THO,,,,78.425,No,L1 (80.00),CORRENTE ASCENDENTE (LONG)
2026-08-03 13:53 UTC,CCS,,,,69.5,No,L1 (70.00),CORRENTE ASCENDENTE (LONG)
2026-08-03 13:53 UTC,OVV,,,,60.73,No,L1 (60.00),CORRENTE ASCENDENTE (LONG)
2026-08-03 13:55 UTC,ADSK,,,,243.705,No,VWAP 1 (243.22),CORRENTE ASCENDENTE (LONG)
2026-08-03 13:56 UTC,CEG,,,,266.19,No,VWAP 3 (268.68),CORRENTE ASCENDENTE (LONG)
2026-08-03 13:56 UTC,CRWV,,,,80.2,No,L1 (80.84),CORRENTE ASCENDENTE (LONG)
2026-08-03 13:57 UTC,DXCM,,,,86.755,No,VWAP 1 (86.65),CORRENTE ASCENDENTE (LONG)
2026-08-03 13:59 UTC,MSTR,,,,94.6001,No,L1 (95.49),CORRENTE ASCENDENTE (LONG)
2026-08-03 14:01 UTC,WDAY,,,,168.28,No,VWAP 2 (166.89),CORRENTE ASCENDENTE (LONG)
2026-08-03 14:04 UTC,ARE,,,,52.84,No,VWAP 2 (53.82),CORRENTE ASCENDENTE (LONG)
2026-08-03 14:05 UTC,ARES,,,,132.78,No,VWAP 2 (135.42),CORRENTE ASCENDENTE (LONG)
2026-08-03 14:11 UTC,FSLR,,,,229.8,No,VWAP 2 (228.80),CORRENTE ASCENDENTE (LONG)
2026-08-03 14:12 UTC,HAL,,,,31.67,No,VWAP 2 (31.41),CORRENTE ASCENDENTE (LONG)
2026-08-03 14:13 UTC,HSY,,,,179.4675,Sì,L1 (181.38) + VWAP 3 (181.08),CORRENTE ASCENDENTE (LONG)
2026-08-03 14:16 UTC,NKE,,,,42.4701,Sì,L1 (43.13) + VWAP 3 (43.16),CORRENTE ASCENDENTE (LONG)
2026-08-03 14:16 UTC,NVR,,,,6210.75,No,VWAP 3 (6299.31),CORRENTE ASCENDENTE (LONG)
2026-08-03 14:16 UTC,OXY,,,,55.691,Sì,L1 (54.83) + VWAP 3 (55.12),CORRENTE ASCENDENTE (LONG)
2026-08-03 14:18 UTC,PPG,,,,112.89,No,VWAP 3 (114.35),CORRENTE ASCENDENTE (LONG)
2026-08-03 14:18 UTC,PTC,,,,141.8,No,L1 (142.05),CORRENTE ASCENDENTE (LONG)
2026-08-03 14:19 UTC,ROL,,,,38.24,No,L1 (38.81),CORRENTE ASCENDENTE (LONG)
2026-08-03 14:21 UTC,UBER,,,,71.615,Sì,L1 (72.57) + VWAP 3 (72.60),CORRENTE ASCENDENTE (LONG)
2026-08-03 14:22 UTC,VST,,,,150.93,No,VWAP 3 (153.99),CORRENTE ASCENDENTE (LONG)
2026-08-03 16:24 UTC,RIVN,,,,15.475,No,L3 (15.63),CORRENTE ASCENDENTE (LONG)
2026-08-03 16:26 UTC,SPCX,,,,111.36,Sì,L2 (113.00) + L3 (112.00),CORRENTE ASCENDENTE (LONG)
2026-08-03 16:29 UTC,META,,,,595.615,No,VWAP 3 (603.25),CORRENTE ASCENDENTE (LONG)
2026-08-03 16:29 UTC,CBRS,,,,214.265,No,L1 (216.00),CORRENTE ASCENDENTE (LONG)
2026-08-03 16:31 UTC,HPE,,,,49.39,Sì,L1 (50.00) + L3 (49.00),CORRENTE ASCENDENTE (LONG)
2026-08-03 16:31 UTC,NVDA,,,,206.98,No,L2 (208.00),CORRENTE ASCENDENTE (LONG)
2026-08-03 16:52 UTC,EME,,,,809.15,No,VWAP 3 (821.30),CORRENTE ASCENDENTE (LONG)
2026-08-03 17:00 UTC,PCG,,,,17.05,No,VWAP 3 (16.86),CORRENTE ASCENDENTE (LONG)
2026-08-03 17:01 UTC,HOOD,,,,91.46,No,VWAP 3 (93.12),CORRENTE ASCENDENTE (LONG)
2026-08-03 17:10 UTC,SPM.MI,,,,4.282,No,VWAP 3 (4.36),CORRENTE ASCENDENTE (LONG)
2026-08-03 17:13 UTC,CCJ,,,,89.48,No,L1 (91.00),CORRENTE ASCENDENTE (LONG)
2026-08-03 19:09 UTC,WBD,,,,26.22,No,VWAP 3 (26.68),CORRENTE ASCENDENTE (LONG)
2026-08-03 19:23 UTC,NEM,,,,95.35,No,VWAP 2 (97.26),CORRENTE ASCENDENTE (LONG)
2026-08-03 19:37 UTC,HUBS,,,,243.21,No,L1 (240.00),CORRENTE ASCENDENTE (LONG)
2026-08-03 19:39 UTC,JD,,,,33.005,No,L1 (33.00),CORRENTE ASCENDENTE (LONG)
2026-08-03 21:14 UTC,FCEL,,,,21.34,No,L2 (21.50),CORRENTE ASCENDENTE (LONG)
2026-08-04 00:15 UTC,CVNA,,,,66.13,No,VWAP 3 (67.40),CORRENTE ASCENDENTE (LONG)
2026-08-04 00:42 UTC,NRG,,,,138.47,No,VWAP 3 (136.74),CORRENTE ASCENDENTE (LONG)
2026-08-04 00:56 UTC,AJG,,,,247.79,No,VWAP 1 (247.69),CORRENTE ASCENDENTE (LONG)
2026-08-04 00:57 UTC,CPT,,,,110.72,No,VWAP 3 (109.89),CORRENTE ASCENDENTE (LONG)
2026-08-04 00:57 UTC,F,,,,14.43,No,VWAP 3 (14.35),CORRENTE ASCENDENTE (LONG)
2026-08-04 08:18 UTC,BAYN.DE,,,,48.94,No,L1 (49.87),CORRENTE ASCENDENTE (LONG)
2026-08-04 08:19 UTC,FRE.DE,,,,44.27,No,VWAP 2 (43.48),CORRENTE ASCENDENTE (LONG)
2026-08-04 08:19 UTC,FME.DE,,,,41.31,No,L1 (41.18),CORRENTE ASCENDENTE (LONG)
2026-08-04 08:22 UTC,ZAL.DE,,,,25.06,No,L1 (24.74),CORRENTE ASCENDENTE (LONG)
2026-08-04 08:25 UTC,AMP.MI,,,,11.85,No,VWAP 2 (11.72),CORRENTE ASCENDENTE (LONG)
2026-08-04 08:27 UTC,BAM,,,,50.69,No,L1 (50.00),CORRENTE ASCENDENTE (LONG)
2026-08-04 08:28 UTC,TFX,,,,139.7,No,L1 (140.00),CORRENTE ASCENDENTE (LONG)
2026-08-04 11:20 UTC,SHL.DE,,,,39.24,No,VWAP 2 (40.02),CORRENTE ASCENDENTE (LONG)
2026-08-04 13:30 UTC,FISV,,,,53.335,No,VWAP 3 (52.76),CORRENTE ASCENDENTE (LONG)
2026-08-04 13:31 UTC,IT,,,,156.28,No,L1 (157.20),CORRENTE ASCENDENTE (LONG)
2026-08-04 13:36 UTC,PWR,,,,684.57,No,VWAP 3 (698.44),CORRENTE ASCENDENTE (LONG)
2026-08-04 13:50 UTC,CSIQ,,,,15.89,No,L1 (16.00),CORRENTE ASCENDENTE (LONG)
2026-08-04 13:51 UTC,AAOI,,,,130.94,No,L1 (130.00),CORRENTE ASCENDENTE (LONG)
2026-08-04 16:10 UTC,DASH,,,,201.08,No,VWAP 2 (199.15),CORRENTE ASCENDENTE (LONG)
2026-08-04 16:11 UTC,TAK,,,,16.645,Sì,L1 (16.48) + L2 (16.39),CORRENTE ASCENDENTE (LONG)
2026-08-04 16:12 UTC,MDT,,,,85.91,No,L2 (85.50),CORRENTE ASCENDENTE (LONG)
2026-08-04 16:13 UTC,TEVA,,,,34.26,Sì,L1 (34.54) + L3 (34.25),CORRENTE ASCENDENTE (LONG)
2026-08-04 16:16 UTC,TFC,,,,52.615,No,L1 (52.00),CORRENTE ASCENDENTE (LONG)
2026-08-04 16:16 UTC,UGP,,,,6.395,No,L3 (6.30),CORRENTE ASCENDENTE (LONG)
2026-08-04 16:17 UTC,TMUS,,,,175.62,Sì,L2 (176.00) + VWAP 1 (177.06),CORRENTE ASCENDENTE (LONG)
2026-08-04 16:18 UTC,WDC,,,,549.43,Sì,L1 (560.00) + VWAP 3 (560.40),CORRENTE ASCENDENTE (LONG)
2026-08-04 16:18 UTC,BX,,,,136.25,No,L1 (138.75),CORRENTE ASCENDENTE (LONG)
2026-08-04 16:19 UTC,LOVE,,,,17.96,No,L1 (18.00),CORRENTE ASCENDENTE (LONG)
2026-08-04 16:19 UTC,XYZ,,,,84.175,No,L1 (85.00),CORRENTE ASCENDENTE (LONG)
2026-08-04 16:20 UTC,GOOGL,,,,376.01,No,L1 (373.00),CORRENTE ASCENDENTE (LONG)
2026-08-04 16:21 UTC,SNN,,,,30.465,No,L2 (30.50),CORRENTE ASCENDENTE (LONG)
2026-08-04 16:22 UTC,CPR,,,,5.794,No,L1 (5.70),CORRENTE ASCENDENTE (LONG)
2026-08-04 16:23 UTC,NFLX,,,,72.73,No,L1 (73.00),CORRENTE ASCENDENTE (LONG)
2026-08-04 16:25 UTC,NOC,,,,552.0,No,L1 (551.10),CORRENTE ASCENDENTE (LONG)
2026-08-04 16:26 UTC,BSX,,,,48.83,No,VWAP 3 (48.01),CORRENTE ASCENDENTE (LONG)
2026-08-04 16:26 UTC,TYL,,,,307.23,No,VWAP 3 (306.90),CORRENTE ASCENDENTE (LONG)
2026-08-04 16:27 UTC,AMAT,,,,545.63,No,VWAP 3 (537.26),CORRENTE ASCENDENTE (LONG)
2026-08-04 16:28 UTC,CPRT,,,,29.235,No,L1 (28.90),CORRENTE ASCENDENTE (LONG)
2026-08-04 16:30 UTC,KDP,,,,30.9851,No,VWAP 3 (30.88),CORRENTE ASCENDENTE (LONG)
2026-08-04 16:30 UTC,LITE,,,,855.73,No,VWAP 3 (862.88),CORRENTE ASCENDENTE (LONG)
2026-08-04 16:32 UTC,QCOM,,,,162.245,No,L1 (160.00),CORRENTE ASCENDENTE (LONG)
2026-08-04 16:33 UTC,RKLB,,,,74.595,No,VWAP 2 (74.77),CORRENTE ASCENDENTE (LONG)
2026-08-04 16:33 UTC,ROP,,,,388.99,No,VWAP 2 (395.25),CORRENTE ASCENDENTE (LONG)
2026-08-04 16:35 UTC,MC.PA,,,,485.0,No,VWAP 3 (482.70),CORRENTE ASCENDENTE (LONG)
2026-08-04 16:36 UTC,AES,,,,14.705,No,VWAP 3 (14.45),CORRENTE ASCENDENTE (LONG)
2026-08-04 16:37 UTC,ALGN,,,,172.57,No,VWAP 3 (172.15),CORRENTE ASCENDENTE (LONG)
2026-08-04 16:37 UTC,AMT,,,,174.98,Sì,L1 (173.59) + VWAP 2 (178.52) + VWAP 3 (175.56),CORRENTE ASCENDENTE (LONG)
2026-08-04 16:38 UTC,APA,,,,35.91,No,VWAP 3 (35.87),CORRENTE ASCENDENTE (LONG)
2026-08-04 16:38 UTC,APO,,,,130.69,No,L1 (129.31),CORRENTE ASCENDENTE (LONG)
2026-08-04 16:39 UTC,AZO,,,,3009.55,Sì,L1 (2975.84) + VWAP 1 (3029.09),CORRENTE ASCENDENTE (LONG)
2026-08-04 16:39 UTC,TECH,,,,72.125,No,L1 (71.40),CORRENTE ASCENDENTE (LONG)
2026-08-04 16:40 UTC,BLDR,,,,74.95,Sì,L1 (74.37) + VWAP 3 (75.93),CORRENTE ASCENDENTE (LONG)
2026-08-04 16:41 UTC,CNC,,,,64.35,No,L1 (63.60),CORRENTE ASCENDENTE (LONG)
2026-08-04 16:42 UTC,CLX,,,,102.3,No,VWAP 2 (104.20),CORRENTE ASCENDENTE (LONG)
2026-08-04 16:43 UTC,DHR,,,,196.92,Sì,L1 (194.89) + VWAP 2 (199.80),CORRENTE ASCENDENTE (LONG)
2026-08-04 16:43 UTC,DECK,,,,100.84,No,VWAP 2 (101.78),CORRENTE ASCENDENTE (LONG)
2026-08-04 16:43 UTC,DVN,,,,44.05,Sì,L1 (43.45) + VWAP 3 (44.60),CORRENTE ASCENDENTE (LONG)
2026-08-04 16:44 UTC,DPZ,,,,369.35,No,VWAP 2 (374.55),CORRENTE ASCENDENTE (LONG)
2026-08-04 16:45 UTC,EL,,,,85.94,No,L1 (85.03),CORRENTE ASCENDENTE (LONG)
2026-08-04 16:46 UTC,FIS,,,,42.19,No,VWAP 3 (41.78),CORRENTE ASCENDENTE (LONG)
2026-08-04 16:47 UTC,HCA,,,,398.19,No,VWAP 3 (392.05),CORRENTE ASCENDENTE (LONG)
2026-08-04 16:48 UTC,PODD,,,,166.82,No,L1 (165.91),CORRENTE ASCENDENTE (LONG)
2026-08-04 16:49 UTC,KKR,,,,107.14,No,VWAP 2 (109.25),CORRENTE ASCENDENTE (LONG)
2026-08-04 16:49 UTC,LDOS,,,,128.83,No,VWAP 1 (131.35),CORRENTE ASCENDENTE (LONG)
2026-08-04 16:49 UTC,LEN,,,,86.92,No,VWAP 3 (87.33),CORRENTE ASCENDENTE (LONG)
2026-08-04 16:50 UTC,MAA,,,,132.315,Sì,L1 (129.98) + VWAP 1 (132.25) + VWAP 2 (130.11) + VWAP 3 (132.95),CORRENTE ASCENDENTE (LONG)
2026-08-04 16:51 UTC,MOS,,,,22.48,Sì,L1 (22.16) + VWAP 3 (22.16),CORRENTE ASCENDENTE (LONG)
2026-08-04 16:52 UTC,OTIS,,,,73.235,Sì,L1 (72.64) + VWAP 3 (72.50),CORRENTE ASCENDENTE (LONG)
2026-08-04 16:53 UTC,PFE,,,,25.445,No,VWAP 1 (25.61),CORRENTE ASCENDENTE (LONG)
2026-08-04 16:55 UTC,SWKS,,,,65.75,No,VWAP 2 (65.36),CORRENTE ASCENDENTE (LONG)
2026-08-04 16:56 UTC,TPL,,,,399.61,No,VWAP 3 (395.49),CORRENTE ASCENDENTE (LONG)
2026-08-04 16:57 UTC,UNH,,,,410.435,No,VWAP 3 (403.39),CORRENTE ASCENDENTE (LONG)
2026-08-04 16:57 UTC,UHS,,,,164.555,No,VWAP 1 (166.56),CORRENTE ASCENDENTE (LONG)
2026-08-04 16:58 UTC,DIS,,,,98.45,Sì,L1 (97.42) + VWAP 1 (98.17) + VWAP 3 (99.80),CORRENTE ASCENDENTE (LONG)
2026-08-04 16:59 UTC,ZTS,,,,75.535,No,L1 (76.77),CORRENTE ASCENDENTE (LONG)
2026-08-04 16:59 UTC,ADS.DE,,,,160.65,No,VWAP 2 (158.76),CORRENTE ASCENDENTE (LONG)
2026-08-04 17:00 UTC,BMW.DE,,,,59.96,No,L1 (60.30),CORRENTE ASCENDENTE (LONG)
2026-08-04 17:00 UTC,CON.DE,,,,71.24,No,VWAP 3 (70.99),CORRENTE ASCENDENTE (LONG)
2026-08-04 17:01 UTC,MBG.DE,,,,48.21,No,VWAP 3 (47.64),CORRENTE ASCENDENTE (LONG)
2026-08-04 17:02 UTC,PAH3.DE,,,,29.31,No,VWAP 3 (29.11),CORRENTE ASCENDENTE (LONG)
2026-08-04 17:03 UTC,VNA.DE,,,,21.64,No,VWAP 1 (21.94),CORRENTE ASCENDENTE (LONG)
2026-08-04 17:04 UTC,CPR.MI,,,,5.794,No,VWAP 2 (5.81),CORRENTE ASCENDENTE (LONG)
2026-08-04 17:06 UTC,FIG,,,,26.745,No,L3 (27.00),CORRENTE ASCENDENTE (LONG)
2026-08-04 17:08 UTC,BC,,,,83.74,No,L2 (83.00),CORRENTE ASCENDENTE (LONG)
2026-08-04 18:42 UTC,GEHC,,,,70.255,No,VWAP 2 (71.52),CORRENTE ASCENDENTE (LONG)
2026-08-04 18:58 UTC,LULU,,,,122.01,No,VWAP 3 (119.68),CORRENTE ASCENDENTE (LONG)
2026-08-04 19:03 UTC,NOW,,,,116.99,No,VWAP 2 (119.30),CORRENTE ASCENDENTE (LONG)
2026-08-04 19:04 UTC,TSN,,,,58.15,No,VWAP 2 (58.01),CORRENTE ASCENDENTE (LONG)
2026-08-04 19:13 UTC,YMM,,,,9.64,No,L1 (9.50),CORRENTE ASCENDENTE (LONG)
2026-08-04 19:13 UTC,NXPI,,,,237.985,No,VWAP 2 (242.20),CORRENTE ASCENDENTE (LONG)
2026-08-04 20:24 UTC,CRSP,,,,53.07,No,L3 (54.11),N/D (NEUTRO)
2026-08-04 20:28 UTC,DG,,,,127.26,No,L2 (125.00),N/D (NEUTRO)
2026-08-04 20:31 UTC,IDXX,,,,588.09,No,L2 (580.00),N/D (NEUTRO)
2026-08-04 20:44 UTC,AOS,,,,63.37,No,L1 (64.24),N/D (NEUTRO)
2026-08-04 20:49 UTC,CMG,,,,33.82,No,L1 (33.24),N/D (NEUTRO)
2026-08-04 20:52 UTC,EXE,,,,93.07,Sì,VWAP 1 (91.74) + VWAP 3 (91.41),N/D (NEUTRO)
2026-08-04 21:00 UTC,SBAC,,,,187.9,No,L1 (190.76),N/D (NEUTRO)
2026-08-04 21:02 UTC,ULTA,,,,543.86,No,VWAP 2 (543.33),N/D (NEUTRO)
2026-08-05 09:57 UTC,STLAP.PA,,,,5.018,No,L1 (4.95),CORRENTE ASCENDENTE (LONG)
2026-08-05 10:19 UTC,SY1.DE,,,,91.14,No,VWAP 1 (90.78),CORRENTE ASCENDENTE (LONG)
2026-08-05 10:21 UTC,STLAM.MI,,,,5.019,No,L1 (4.98),CORRENTE ASCENDENTE (LONG)
2026-08-05 12:44 UTC,NEXI.MI,,,,4.432,No,VWAP 1 (4.52),CORRENTE ASCENDENTE (LONG)
2026-08-05 14:25 UTC,CDW,,,,134.345,Sì,L1 (134.81) + VWAP 2 (135.59),CORRENTE ASCENDENTE (LONG)
2026-08-05 14:27 UTC,VRTX,,,,487.725,No,L1 (496.73),CORRENTE ASCENDENTE (LONG)
2026-08-05 14:28 UTC,NESN,,,,81.56,No,L2 (80.00),CORRENTE ASCENDENTE (LONG)
2026-08-05 14:43 UTC,MELI,,,,1930.53,No,VWAP 2 (1958.40),CORRENTE ASCENDENTE (LONG)
2026-08-05 14:43 UTC,MU,,,,901.355,No,VWAP 3 (917.74),CORRENTE ASCENDENTE (LONG)
2026-08-05 14:46 UTC,TER,,,,388.0,No,VWAP 3 (381.39),CORRENTE ASCENDENTE (LONG)
2026-08-05 14:58 UTC,LVS,,,,47.435,No,VWAP 1 (47.21),CORRENTE ASCENDENTE (LONG)
2026-08-05 15:01 UTC,ON,,,,77.56,No,L1 (77.00),CORRENTE ASCENDENTE (LONG)
2026-08-05 15:05 UTC,UPS,,,,107.345,No,VWAP 3 (106.23),CORRENTE ASCENDENTE (LONG)
2026-08-05 15:07 UTC,WYNN,,,,106.955,No,L1 (105.66),CORRENTE ASCENDENTE (LONG)
2026-08-05 15:16 UTC,LII,,,,449.28,No,VWAP 1 (457.69),CORRENTE ASCENDENTE (LONG)
2026-08-05 16:49 UTC,EFX,,,,175.165,Sì,L1 (176.00) + L2 (172.50),CORRENTE ASCENDENTE (LONG)
2026-08-05 16:52 UTC,TRI,,,,98.6127,No,L1 (100.00),CORRENTE ASCENDENTE (LONG)
2026-08-05 16:59 UTC,PLTR,,,,160.2805,No,VWAP 2 (157.19),CORRENTE ASCENDENTE (LONG)
2026-08-05 17:00 UTC,STX,,,,869.6,No,VWAP 3 (873.73),CORRENTE ASCENDENTE (LONG)
2026-08-05 17:06 UTC,BXP,,,,69.615,No,L1 (68.47),CORRENTE ASCENDENTE (LONG)
2026-08-05 17:08 UTC,CCI,,,,72.795,No,L1 (73.56),CORRENTE ASCENDENTE (LONG)
2026-08-05 17:10 UTC,ELV,,,,392.09,No,VWAP 3 (393.63),CORRENTE ASCENDENTE (LONG)
2026-08-05 17:13 UTC,JBL,,,,344.78,No,VWAP 3 (351.15),CORRENTE ASCENDENTE (LONG)
2026-08-05 18:32 UTC,BIO,,,,344.15,No,L1 (350.00),CORRENTE ASCENDENTE (LONG)
2026-08-05 18:55 UTC,PNR,,,,68.94,No,VWAP 3 (70.32),CORRENTE ASCENDENTE (LONG)
2026-08-05 19:06 UTC,HONA,,,,207.38,No,POC1 (204.48),CORRENTE ASCENDENTE (LONG)
2026-08-05 20:37 UTC,OTLY,,,,14.25,No,L1 (14.00),CORRENTE ASCENDENTE (LONG)
2026-08-06 00:46 UTC,GFS,,,,49.46,No,VWAP 2 (50.18),CORRENTE ASCENDENTE (LONG)
2026-08-06 09:59 UTC,RMS.PA,,,,1600.5,No,VWAP 3 (1627.98),N/D (NEUTRO)
2026-08-06 10:21 UTC,QIA.DE,,,,36.285,No,VWAP 2 (36.78),N/D (NEUTRO)
2026-08-06 10:22 UTC,SAP.DE,,,,172.3,No,VWAP 2 (171.10),N/D (NEUTRO)
2026-08-06 10:22 UTC,G24.DE,,,,71.85,No,VWAP 3 (72.91),N/D (NEUTRO)
2026-08-06 12:05 UTC,AF,,,,12.885,No,L1 (12.65),CORRENTE ASCENDENTE (LONG)
2026-08-06 12:21 UTC,CAP.PA,,,,107.6,No,VWAP 2 (108.68),CORRENTE ASCENDENTE (LONG)
2026-08-06 12:21 UTC,EL.PA,,,,170.65,Sì,L1 (168.26) + VWAP 3 (171.57),CORRENTE ASCENDENTE (LONG)
2026-08-06 12:22 UTC,RI.PA,,,,69.92,No,VWAP 2 (71.23),CORRENTE ASCENDENTE (LONG)
2026-08-06 12:50 UTC,SAN.PA,,,,74.86,Sì,POC1 (75.21) + VWAP 3 (75.31),CORRENTE ASCENDENTE (LONG)
2026-08-06 15:12 UTC,KHC,,,,25.109,No,L2 (25.00),CORRENTE ASCENDENTE (LONG)
2026-08-06 15:13 UTC,LOW,,,,218.345,Sì,VWAP 1 (216.82) + VWAP 3 (215.00),CORRENTE ASCENDENTE (LONG)
2026-08-06 15:13 UTC,ODD,,,,14.13,No,L3 (14.00),CORRENTE ASCENDENTE (LONG)
2026-08-06 15:14 UTC,DLO,,,,14.875,No,L1 (14.67),CORRENTE ASCENDENTE (LONG)
2026-08-06 15:16 UTC,WFC,,,,87.705,No,L1 (86.39),CORRENTE ASCENDENTE (LONG)
2026-08-06 15:18 UTC,IONQ,,,,41.45,No,L2 (42.00),CORRENTE ASCENDENTE (LONG)
2026-08-06 15:20 UTC,VIST,,,,66.39,No,L1 (67.00),CORRENTE ASCENDENTE (LONG)
2026-08-06 15:20 UTC,FRO,,,,39.27,No,L1 (40.00),CORRENTE ASCENDENTE (LONG)
2026-08-06 15:23 UTC,LCID,,,,6.93,No,L1 (7.00),CORRENTE ASCENDENTE (LONG)
2026-08-06 15:26 UTC,CCS,,,,69.125,No,L1 (70.00),CORRENTE ASCENDENTE (LONG)
2026-08-06 15:26 UTC,OVV,,,,59.42,No,L1 (60.00),CORRENTE ASCENDENTE (LONG)
2026-08-06 15:29 UTC,CEG,,,,262.71,No,VWAP 3 (267.28),CORRENTE ASCENDENTE (LONG)
2026-08-06 15:33 UTC,WDAY,,,,166.595,No,VWAP 2 (166.19),CORRENTE ASCENDENTE (LONG)
2026-08-06 15:36 UTC,ALB,,,,128.42,Sì,VWAP 1 (128.31) + VWAP 2 (130.63),CORRENTE ASCENDENTE (LONG)
2026-08-06 15:36 UTC,ARE,,,,49.785,Sì,L3 (50.00) + VWAP 3 (49.92),CORRENTE ASCENDENTE (LONG)
2026-08-06 15:37 UTC,ARES,,,,138.31,No,L2 (140.00),CORRENTE ASCENDENTE (LONG)
2026-08-06 15:38 UTC,BIIB,,,,203.54,Sì,VWAP 1 (202.09) + VWAP 3 (200.20),CORRENTE ASCENDENTE (LONG)
2026-08-06 15:40 UTC,COHR,,,,343.435,No,VWAP 3 (349.79),CORRENTE ASCENDENTE (LONG)
2026-08-06 15:44 UTC,FSLR,,,,247.555,No,VWAP 3 (247.40),CORRENTE ASCENDENTE (LONG)
2026-08-06 15:45 UTC,HSY,,,,181.35,Sì,L1 (181.38) + VWAP 3 (180.96),CORRENTE ASCENDENTE (LONG)
2026-08-06 15:45 UTC,HUM,,,,357.17,No,VWAP 3 (350.26),CORRENTE ASCENDENTE (LONG)
2026-08-06 15:49 UTC,NVR,,,,6296.04,No,VWAP 3 (6303.41),CORRENTE ASCENDENTE (LONG)
2026-08-06 15:50 UTC,PPG,,,,118.05,No,VWAP 1 (116.76),CORRENTE ASCENDENTE (LONG)
2026-08-06 15:51 UTC,PTC,,,,141.87,No,L1 (142.05),CORRENTE ASCENDENTE (LONG)
2026-08-06 15:55 UTC,VRSK,,,,184.955,No,VWAP 3 (181.71),CORRENTE ASCENDENTE (LONG)
2026-08-06 16:01 UTC,MONC.MI,,,,51.08,Sì,L1 (51.57) + VWAP 1 (52.11) + VWAP 2 (51.16) + VWAP 3 (51.49),CORRENTE ASCENDENTE (LONG)
2026-08-06 16:03 UTC,MDLZ,,,,62.87,No,L1 (64.00),CORRENTE ASCENDENTE (LONG)
2026-08-06 16:03 UTC,CRH,,,,97.615,Sì,L1 (96.00) + POC1 (96.94),CORRENTE ASCENDENTE (LONG)
2026-08-06 16:06 UTC,KR,,,,57.02,No,POC1 (58.01),CORRENTE ASCENDENTE (LONG)
2026-08-06 23:57 UTC,RIVN,,,,15.38,No,L3 (15.63),CORRENTE ASCENDENTE (LONG)
2026-08-06 23:59 UTC,SPCX,,,,114.92,No,L2 (113.00),CORRENTE ASCENDENTE (LONG)
2026-08-07 00:02 UTC,META,,,,589.9,No,VWAP 3 (601.90),CORRENTE ASCENDENTE (LONG)
2026-08-07 00:11 UTC,ADSK,,,,242.47,No,VWAP 1 (243.35),CORRENTE ASCENDENTE (LONG)
2026-08-07 00:11 UTC,AXON,,,,522.46,No,VWAP 2 (532.01),CORRENTE ASCENDENTE (LONG)
2026-08-07 00:14 UTC,MSTR,,,,96.85,No,L1 (95.49),CORRENTE ASCENDENTE (LONG)
2026-08-07 00:16 UTC,WBD,,,,26.4,No,VWAP 3 (26.62),CORRENTE ASCENDENTE (LONG)
2026-08-07 00:26 UTC,EME,,,,808.43,No,VWAP 3 (821.30),CORRENTE ASCENDENTE (LONG)
2026-08-07 00:29 UTC,IFF,,,,84.55,No,L1 (83.00),CORRENTE ASCENDENTE (LONG)
2026-08-07 00:30 UTC,LYB,,,,61.44,No,VWAP 3 (62.43),CORRENTE ASCENDENTE (LONG)
2026-08-07 00:31 UTC,MCHP,,,,74.36,Sì,L1 (73.40) + VWAP 2 (74.70),CORRENTE ASCENDENTE (LONG)
2026-08-07 00:32 UTC,OXY,,,,56.04,No,VWAP 3 (55.08),CORRENTE ASCENDENTE (LONG)
2026-08-07 00:33 UTC,PCG,,,,17.0,No,VWAP 3 (16.93),CORRENTE ASCENDENTE (LONG)
2026-08-07 00:38 UTC,VTRS,,,,16.29,No,VWAP 3 (16.59),CORRENTE ASCENDENTE (LONG)
2026-08-07 00:44 UTC,SPM.MI,,,,4.314,No,VWAP 3 (4.36),CORRENTE ASCENDENTE (LONG)
2026-08-07 00:45 UTC,FIVN,,,,28.37,No,L2 (28.00),CORRENTE ASCENDENTE (LONG)
2026-08-07 00:47 UTC,JD,,,,32.81,No,L1 (33.00),CORRENTE ASCENDENTE (LONG)
2026-08-07 00:49 UTC,DHI,,,,146.01,No,POC1 (143.75),CORRENTE ASCENDENTE (LONG)
2026-08-07 02:49 UTC,CVNA,,,,68.34,No,L2 (67.50),CORRENTE ASCENDENTE (LONG)
2026-08-07 03:31 UTC,AJG,,,,251.74,No,VWAP 1 (247.90),CORRENTE ASCENDENTE (LONG)
2026-08-07 03:31 UTC,CPT,,,,110.74,No,VWAP 3 (110.19),CORRENTE ASCENDENTE (LONG)
2026-08-07 03:33 UTC,SPGI,,,,405.24,Sì,POC2 (402.99) + VWAP 1 (404.91) + VWAP 3 (405.79),CORRENTE ASCENDENTE (LONG)
2026-08-07 08:53 UTC,BAYN.DE,,,,49.8,No,L1 (49.87),CORRENTE ASCENDENTE (LONG)
2026-08-07 08:54 UTC,FME.DE,,,,41.92,No,L1 (41.18),CORRENTE ASCENDENTE (LONG)
2026-08-07 08:57 UTC,ZAL.DE,,,,24.91,No,L1 (24.74),CORRENTE ASCENDENTE (LONG)
2026-08-07 09:00 UTC,AMP.MI,,,,11.76,No,VWAP 2 (11.69),CORRENTE ASCENDENTE (LONG)
2026-08-07 09:02 UTC,TFX,,,,138.89,No,L1 (140.00),CORRENTE ASCENDENTE (LONG)
2026-08-07 11:44 UTC,SHL.DE,,,,39.58,No,VWAP 2 (39.96),CORRENTE ASCENDENTE (LONG)
2026-08-07 13:34 UTC,RMD,,,,203.975,No,VWAP 3 (200.52),N/D (NEUTRO)
2026-08-07 13:35 UTC,HOOD,,,,93.87,No,VWAP 3 (94.10),N/D (NEUTRO)
2026-08-07 13:37 UTC,UBER,,,,73.235,Sì,L1 (72.57) + VWAP 3 (72.11),N/D (NEUTRO)
2026-08-07 13:49 UTC,EGO,,,,38.29,No,L3 (38.00),N/D (NEUTRO)
2026-08-07 14:21 UTC,CBRS,,,,212.825,No,L1 (216.00),CORRENTE ASCENDENTE (LONG)
2026-08-07 14:22 UTC,HPE,,,,51.26,No,L2 (51.00),CORRENTE ASCENDENTE (LONG)
2026-08-07 14:27 UTC,THO,,,,79.165,No,L1 (80.00),CORRENTE ASCENDENTE (LONG)
2026-08-07 14:41 UTC,CCL,,,,28.44,No,VWAP 2 (28.02),CORRENTE ASCENDENTE (LONG)
2026-08-07 14:43 UTC,STZ,,,,135.045,No,VWAP 3 (137.74),CORRENTE ASCENDENTE (LONG)
2026-08-07 14:45 UTC,ERIE,,,,257.355,No,VWAP 2 (262.37),CORRENTE ASCENDENTE (LONG)
2026-08-07 14:46 UTC,FISV,,,,52.15,Sì,L1 (51.55) + VWAP 3 (52.43),CORRENTE ASCENDENTE (LONG)
2026-08-07 14:46 UTC,IT,,,,193.17,No,VWAP 2 (189.73),CORRENTE ASCENDENTE (LONG)
2026-08-07 14:47 UTC,HAL,,,,32.185,No,VWAP 2 (31.64),CORRENTE ASCENDENTE (LONG)
2026-08-07 14:51 UTC,NCLH,,,,19.165,No,L1 (18.86),CORRENTE ASCENDENTE (LONG)
2026-08-07 14:52 UTC,PSKY,,,,9.365,No,VWAP 3 (9.53),CORRENTE ASCENDENTE (LONG)
2026-08-07 16:21 UTC,CSGP,,,,30.69,No,VWAP 3 (30.94),CORRENTE ASCENDENTE (LONG)
2026-08-07 16:28 UTC,TAP,,,,43.43,No,VWAP 2 (44.19),CORRENTE ASCENDENTE (LONG)
2026-08-07 16:39 UTC,BC.MI,,,,90.0,No,VWAP 1 (88.33),CORRENTE ASCENDENTE (LONG)
2026-08-07 16:44 UTC,CSIQ,,,,15.87,No,L1 (16.00),CORRENTE ASCENDENTE (LONG)
2026-08-07 16:54 UTC,MDT,,,,86.01,No,L2 (85.50),CORRENTE ASCENDENTE (LONG)
2026-08-07 16:55 UTC,TEVA,,,,35.145,Sì,L1 (34.54) + L2 (35.20),CORRENTE ASCENDENTE (LONG)
2026-08-07 16:58 UTC,TFC,,,,52.605,No,L1 (52.00),CORRENTE ASCENDENTE (LONG)
2026-08-07 16:58 UTC,TMUS,,,,177.12,Sì,L2 (176.00) + VWAP 1 (177.27),CORRENTE ASCENDENTE (LONG)
2026-08-07 17:00 UTC,BX,,,,136.23,No,L1 (138.75),CORRENTE ASCENDENTE (LONG)
2026-08-07 17:01 UTC,XYZ,,,,78.4,No,L2 (77.73),CORRENTE ASCENDENTE (LONG)
2026-08-07 17:01 UTC,GOOGL,,,,355.4199,No,L2 (355.55),CORRENTE ASCENDENTE (LONG)
2026-08-07 17:02 UTC,SNN,,,,30.035,No,L2 (30.50),CORRENTE ASCENDENTE (LONG)
2026-08-07 17:03 UTC,STE,,,,236.4,No,L3 (240.00),CORRENTE ASCENDENTE (LONG)
2026-08-07 17:04 UTC,CPR,,,,5.952,No,L2 (6.00),CORRENTE ASCENDENTE (LONG)
2026-08-07 17:04 UTC,NFLX,,,,74.1275,No,L1 (73.00),CORRENTE ASCENDENTE (LONG)
2026-08-07 17:07 UTC,TYL,,,,309.915,Sì,L2 (315.00) + VWAP 3 (306.27),CORRENTE ASCENDENTE (LONG)
2026-08-07 17:08 UTC,AMAT,,,,540.655,No,VWAP 3 (542.76),CORRENTE ASCENDENTE (LONG)
2026-08-07 17:10 UTC,KDP,,,,30.025,No,VWAP 1 (30.22),CORRENTE ASCENDENTE (LONG)
2026-08-07 17:12 UTC,QCOM,,,,167.2,No,L3 (170.00),CORRENTE ASCENDENTE (LONG)
2026-08-07 17:13 UTC,ROP,,,,400.95,No,VWAP 2 (394.22),CORRENTE ASCENDENTE (LONG)
2026-08-07 17:15 UTC,MC.PA,,,,480.0,Sì,L1 (471.27) + VWAP 3 (483.04),CORRENTE ASCENDENTE (LONG)
2026-08-07 17:17 UTC,AES,,,,14.72,No,VWAP 3 (14.49),CORRENTE ASCENDENTE (LONG)
2026-08-07 17:17 UTC,ALGN,,,,170.67,No,VWAP 3 (172.18),CORRENTE ASCENDENTE (LONG)
2026-08-07 17:18 UTC,AMT,,,,173.55,Sì,L1 (173.59) + VWAP 3 (175.16),CORRENTE ASCENDENTE (LONG)
2026-08-07 17:18 UTC,APO,,,,127.74,Sì,L1 (129.31) + VWAP 3 (125.79),CORRENTE ASCENDENTE (LONG)
2026-08-07 17:19 UTC,AZO,,,,3068.605,Sì,VWAP 1 (3032.64) + VWAP 3 (3122.90),CORRENTE ASCENDENTE (LONG)
2026-08-07 17:20 UTC,TECH,,,,72.215,No,L1 (71.40),CORRENTE ASCENDENTE (LONG)
2026-08-07 17:21 UTC,BLDR,,,,75.55,Sì,L1 (74.37) + VWAP 3 (75.83),CORRENTE ASCENDENTE (LONG)
2026-08-07 17:22 UTC,CLX,,,,105.5,No,VWAP 2 (103.95),CORRENTE ASCENDENTE (LONG)
2026-08-07 17:23 UTC,DHR,,,,202.91,No,VWAP 2 (199.85),CORRENTE ASCENDENTE (LONG)
2026-08-07 17:24 UTC,DVN,,,,43.37,Sì,L1 (43.45) + VWAP 1 (42.84) + VWAP 3 (44.21),CORRENTE ASCENDENTE (LONG)
2026-08-07 17:26 UTC,FIS,,,,42.355,No,VWAP 3 (41.55),CORRENTE ASCENDENTE (LONG)
2026-08-07 17:29 UTC,LEN,,,,87.73,No,VWAP 3 (87.28),CORRENTE ASCENDENTE (LONG)
2026-08-07 17:30 UTC,MAA,,,,135.015,No,VWAP 3 (133.25),CORRENTE ASCENDENTE (LONG)
2026-08-07 17:35 UTC,UNH,,,,408.71,No,VWAP 3 (405.93),CORRENTE ASCENDENTE (LONG)
2026-08-07 17:37 UTC,DIS,,,,104.9,No,VWAP 2 (105.01),CORRENTE ASCENDENTE (LONG)
2026-08-07 17:38 UTC,BMW.DE,,,,59.78,No,L1 (60.30),CORRENTE ASCENDENTE (LONG)
2026-08-07 17:39 UTC,MBG.DE,,,,47.085,No,VWAP 3 (47.64),CORRENTE ASCENDENTE (LONG)
2026-08-07 17:40 UTC,PAH3.DE,,,,29.15,No,VWAP 3 (29.11),CORRENTE ASCENDENTE (LONG)
2026-08-07 17:41 UTC,VNA.DE,,,,21.05,Sì,L1 (21.11) + VWAP 3 (21.00),CORRENTE ASCENDENTE (LONG)
2026-08-07 17:45 UTC,BC,,,,81.57,No,L2 (83.00),CORRENTE ASCENDENTE (LONG)
2026-08-07 19:00 UTC,WDC,,,,434.05,No,L3 (440.00),CORRENTE ASCENDENTE (LONG)
2026-08-07 19:01 UTC,LOVE,,,,17.67,No,L1 (18.00),CORRENTE ASCENDENTE (LONG)
2026-08-07 19:10 UTC,GEHC,,,,71.385,No,VWAP 2 (71.52),CORRENTE ASCENDENTE (LONG)
2026-08-07 19:31 UTC,SWKS,,,,69.5144,No,L1 (68.24),CORRENTE ASCENDENTE (LONG)
2026-08-07 19:32 UTC,TSN,,,,58.13,No,VWAP 2 (58.15),CORRENTE ASCENDENTE (LONG)
2026-08-07 19:41 UTC,YMM,,,,9.605,No,L1 (9.50),CORRENTE ASCENDENTE (LONG)
2026-08-07 19:41 UTC,NXPI,,,,238.97,No,VWAP 2 (242.50),CORRENTE ASCENDENTE (LONG)
2026-08-07 19:53 UTC,DNA,,,,8.03,No,L3 (8.00),CORRENTE ASCENDENTE (LONG)
2026-08-07 19:58 UTC,UGP,,,,6.115,No,L1 (6.00),CORRENTE ASCENDENTE (LONG)
2026-08-07 20:20 UTC,DOW,,,,29.34,No,VWAP 2 (28.80),CORRENTE ASCENDENTE (LONG)
2026-08-07 20:27 UTC,OTIS,,,,73.99,No,L1 (72.64),CORRENTE ASCENDENTE (LONG)
2026-08-07 21:39 UTC,CRSP,,,,53.52,No,L3 (54.11),CORRENTE ASCENDENTE (LONG)
2026-08-07 21:43 UTC,DG,,,,126.59,No,L2 (125.00),CORRENTE ASCENDENTE (LONG)
2026-08-07 21:46 UTC,IDXX,,,,586.67,No,L2 (580.00),CORRENTE ASCENDENTE (LONG)
2026-08-07 21:59 UTC,AOS,,,,63.98,Sì,L1 (64.24) + VWAP 2 (65.22),CORRENTE ASCENDENTE (LONG)
2026-08-07 22:03 UTC,CMG,,,,32.79,Sì,L1 (33.24) + VWAP 3 (32.89),CORRENTE ASCENDENTE (LONG)
2026-08-07 22:06 UTC,EXE,,,,92.84,No,VWAP 1 (91.80),CORRENTE ASCENDENTE (LONG)
2026-08-08 11:14 UTC,SY1.DE,,,,91.92,Sì,L1 (93.71) + VWAP 1 (90.72),CORRENTE ASCENDENTE (LONG)
2026-08-08 13:28 UTC,NEXI.MI,,,,4.255,No,L2 (4.25),CORRENTE ASCENDENTE (LONG)
2026-08-08 15:27 UTC,CDW,,,,135.81,Sì,L1 (134.81) + VWAP 2 (135.19),CORRENTE ASCENDENTE (LONG)
2026-08-08 15:29 UTC,VRTX,,,,496.07,Sì,L1 (496.73) + L2 (500.00),CORRENTE ASCENDENTE (LONG)
2026-08-08 15:30 UTC,NESN,,,,81.21,No,L2 (80.00),CORRENTE ASCENDENTE (LONG)
2026-08-08 15:47 UTC,TER,,,,379.31,No,VWAP 3 (381.39),CORRENTE ASCENDENTE (LONG)
2026-08-08 16:16 UTC,LII,,,,439.77,No,POC2 (443.35),CORRENTE ASCENDENTE (LONG)
2026-08-08 17:38 UTC,TRI,,,,101.83,No,L1 (100.00),CORRENTE ASCENDENTE (LONG)
2026-08-08 17:53 UTC,BXP,,,,69.71,No,L1 (68.47),CORRENTE ASCENDENTE (LONG)
2026-08-08 17:56 UTC,ELV,,,,394.2,Sì,VWAP 1 (400.07) + VWAP 3 (394.28),CORRENTE ASCENDENTE (LONG)
2026-08-08 18:46 UTC,BIO,,,,352.47,No,L1 (350.00),N/D (NEUTRO)
2026-08-08 19:10 UTC,PNR,,,,68.89,No,VWAP 3 (69.98),N/D (NEUTRO)
2026-08-08 20:39 UTC,OTLY,,,,13.72,No,L1 (14.00),CORRENTE ASCENDENTE (LONG)
2026-08-09 09:59 UTC,RMS.PA,,,,1635.5,Sì,L1 (1648.25) + VWAP 3 (1627.64),CORRENTE ASCENDENTE (LONG)
2026-08-09 10:21 UTC,QIA.DE,,,,36.46,No,VWAP 2 (36.73),CORRENTE ASCENDENTE (LONG)
2026-08-09 10:22 UTC,G24.DE,,,,74.4,Sì,L1 (74.29) + VWAP 1 (73.46) + VWAP 3 (73.01),CORRENTE ASCENDENTE (LONG)
2026-08-10 01:39 UTC,KHC,,,,25.32,No,L2 (25.00),CORRENTE ASCENDENTE (LONG)
2026-08-10 01:40 UTC,LOW,,,,223.35,No,L2 (223.00),CORRENTE ASCENDENTE (LONG)
2026-08-10 01:40 UTC,ODD,,,,14.12,No,L3 (14.00),CORRENTE ASCENDENTE (LONG)
2026-08-10 01:41 UTC,DLO,,,,14.405,No,L1 (14.67),CORRENTE ASCENDENTE (LONG)
2026-08-10 01:43 UTC,WFC,,,,87.25,No,L1 (86.39),CORRENTE ASCENDENTE (LONG)
2026-08-10 01:44 UTC,AF,,,,12.51,No,L1 (12.65),CORRENTE ASCENDENTE (LONG)
2026-08-10 01:45 UTC,IONQ,,,,44.43,No,L1 (45.18),CORRENTE ASCENDENTE (LONG)
2026-08-10 01:45 UTC,META,,,,592.1,No,VWAP 3 (601.56),CORRENTE ASCENDENTE (LONG)
2026-08-10 01:47 UTC,VIST,,,,65.96,No,L1 (67.00),CORRENTE ASCENDENTE (LONG)
2026-08-10 01:47 UTC,FRO,,,,39.74,No,L1 (40.00),CORRENTE ASCENDENTE (LONG)
2026-08-10 01:50 UTC,LCID,,,,7.04,No,L1 (7.00),CORRENTE ASCENDENTE (LONG)
2026-08-10 01:53 UTC,CCS,,,,71.31,No,L1 (70.00),CORRENTE ASCENDENTE (LONG)
2026-08-10 01:53 UTC,OVV,,,,59.36,No,L1 (60.00),CORRENTE ASCENDENTE (LONG)
2026-08-10 01:56 UTC,ADSK,,,,249.08,No,VWAP 2 (254.11),CORRENTE ASCENDENTE (LONG)
2026-08-10 01:56 UTC,CEG,,,,269.89,No,VWAP 3 (266.04),CORRENTE ASCENDENTE (LONG)
2026-08-10 02:01 UTC,WBD,,,,26.78,No,VWAP 3 (26.61),CORRENTE ASCENDENTE (LONG)
2026-08-10 02:02 UTC,CAP.PA,,,,109.25,Sì,L1 (110.00) + VWAP 2 (108.58),CORRENTE ASCENDENTE (LONG)
2026-08-10 02:02 UTC,EL.PA,,,,172.3,No,VWAP 3 (171.76),CORRENTE ASCENDENTE (LONG)
2026-08-10 02:03 UTC,RI.PA,,,,70.32,No,VWAP 2 (71.09),CORRENTE ASCENDENTE (LONG)
2026-08-10 02:05 UTC,ALB,,,,131.11,No,VWAP 2 (130.97),CORRENTE ASCENDENTE (LONG)
2026-08-10 02:05 UTC,ARE,,,,49.74,Sì,L3 (50.00) + VWAP 3 (50.17),CORRENTE ASCENDENTE (LONG)
2026-08-10 02:06 UTC,ARES,,,,136.85,Sì,L1 (135.00) + VWAP 2 (134.98),CORRENTE ASCENDENTE (LONG)
2026-08-10 02:11 UTC,EME,,,,816.9,No,VWAP 3 (821.30),CORRENTE ASCENDENTE (LONG)
2026-08-10 02:12 UTC,FSLR,,,,250.05,No,VWAP 3 (247.40),CORRENTE ASCENDENTE (LONG)
2026-08-10 02:14 UTC,HSY,,,,182.35,Sì,L1 (181.38) + VWAP 1 (185.29) + VWAP 3 (180.85),CORRENTE ASCENDENTE (LONG)
2026-08-10 02:17 UTC,NVR,,,,6390.1401,Sì,L1 (6459.19) + VWAP 3 (6308.82),CORRENTE ASCENDENTE (LONG)
2026-08-10 02:17 UTC,OXY,,,,55.91,Sì,L1 (54.83) + VWAP 3 (55.08),CORRENTE ASCENDENTE (LONG)
2026-08-10 02:19 UTC,PPG,,,,119.72,No,L1 (121.98),CORRENTE ASCENDENTE (LONG)
2026-08-10 02:23 UTC,VTRS,,,,16.43,No,VWAP 3 (16.57),CORRENTE ASCENDENTE (LONG)
2026-08-10 02:29 UTC,MONC.MI,,,,50.66,Sì,L1 (51.57) + VWAP 2 (51.16) + VWAP 3 (51.49),CORRENTE ASCENDENTE (LONG)
2026-08-10 02:29 UTC,SPM.MI,,,,4.347,No,VWAP 3 (4.36),CORRENTE ASCENDENTE (LONG)
2026-08-10 02:32 UTC,SAN.PA,,,,75.31,Sì,POC1 (75.21) + VWAP 2 (76.74) + VWAP 3 (75.39),CORRENTE ASCENDENTE (LONG)
2026-08-10 02:32 UTC,JD,,,,32.97,No,L1 (33.00),CORRENTE ASCENDENTE (LONG)
2026-08-10 03:59 UTC,CVNA,,,,70.85,No,L1 (72.00),CORRENTE ASCENDENTE (LONG)
2026-08-10 04:41 UTC,AJG,,,,248.12,No,VWAP 1 (247.97),CORRENTE ASCENDENTE (LONG)
2026-08-10 04:41 UTC,CPT,,,,111.93,No,VWAP 3 (110.41),CORRENTE ASCENDENTE (LONG)
2026-08-10 08:09 UTC,ADS.DE,,,,165.35,No,VWAP 3 (168.44),CORRENTE ASCENDENTE (LONG)
2026-08-10 09:58 UTC,BAYN.DE,,,,49.53,No,L1 (49.87),CORRENTE ASCENDENTE (LONG)
2026-08-10 10:00 UTC,RHM.DE,,,,1133.4,No,VWAP 3 (1116.21),CORRENTE ASCENDENTE (LONG)
2026-08-10 10:02 UTC,ZAL.DE,,,,24.72,Sì,L1 (24.74) + VWAP 3 (24.75),CORRENTE ASCENDENTE (LONG)
2026-08-10 11:50 UTC,SHL.DE,,,,39.17,No,VWAP 2 (39.93),CORRENTE ASCENDENTE (LONG)
2026-08-10 13:34 UTC,IFF,,,,84.51,No,L1 (83.00),CORRENTE ASCENDENTE (LONG)
2026-08-10 13:39 UTC,RMD,,,,215.19,No,VWAP 1 (212.35),CORRENTE ASCENDENTE (LONG)
2026-08-10 13:39 UTC,HOOD,,,,92.6,No,VWAP 3 (94.32),CORRENTE ASCENDENTE (LONG)
2026-08-10 13:40 UTC,SMCI,,,,32.2002,No,VWAP 3 (32.68),CORRENTE ASCENDENTE (LONG)
2026-08-10 13:44 UTC,WYNN,,,,101.64,No,VWAP 3 (100.28),CORRENTE ASCENDENTE (LONG)
2026-08-10 13:46 UTC,HEN3.DE,,,,79.16,No,L1 (77.66),CORRENTE ASCENDENTE (LONG)
2026-08-10 13:54 UTC,EGO,,,,37.74,No,L3 (38.00),CORRENTE ASCENDENTE (LONG)
2026-08-10 15:07 UTC,THO,,,,79.16,No,L1 (80.00),CORRENTE ASCENDENTE (LONG)
2026-08-10 15:09 UTC,PKX,,,,58.91,No,L3 (60.00),CORRENTE ASCENDENTE (LONG)
2026-08-10 15:12 UTC,CPRT,,,,29.4255,No,L1 (28.90),CORRENTE ASCENDENTE (LONG)
2026-08-10 15:13 UTC,DXCM,,,,87.835,No,VWAP 1 (86.66),CORRENTE ASCENDENTE (LONG)
2026-08-10 15:13 UTC,ISRG,,,,386.495,No,VWAP 3 (394.36),CORRENTE ASCENDENTE (LONG)
2026-08-10 15:19 UTC,STLAP.PA,,,,4.881,No,L1 (4.95),CORRENTE ASCENDENTE (LONG)
2026-08-10 15:23 UTC,CCL,,,,28.245,No,VWAP 2 (27.88),CORRENTE ASCENDENTE (LONG)
2026-08-10 15:25 UTC,CCI,,,,73.815,No,L1 (73.56),CORRENTE ASCENDENTE (LONG)
2026-08-10 15:27 UTC,FISV,,,,51.57,Sì,L1 (51.55) + VWAP 3 (52.43),CORRENTE ASCENDENTE (LONG)
2026-08-10 15:28 UTC,IT,,,,189.27,No,VWAP 2 (189.72),CORRENTE ASCENDENTE (LONG)
2026-08-10 15:29 UTC,HRL,,,,24.805,No,L1 (24.40),CORRENTE ASCENDENTE (LONG)
2026-08-10 15:29 UTC,HII,,,,333.085,No,VWAP 2 (334.31),CORRENTE ASCENDENTE (LONG)
2026-08-10 15:31 UTC,LYB,,,,61.645,No,VWAP 3 (62.15),CORRENTE ASCENDENTE (LONG)
2026-08-10 15:32 UTC,NCLH,,,,18.585,Sì,L1 (18.86) + VWAP 1 (18.64) + VWAP 3 (18.72),CORRENTE ASCENDENTE (LONG)
2026-08-10 15:34 UTC,PCG,,,,17.23,No,VWAP 3 (16.95),CORRENTE ASCENDENTE (LONG)
2026-08-10 15:34 UTC,PTC,,,,151.79,No,VWAP 2 (154.32),CORRENTE ASCENDENTE (LONG)
2026-08-10 15:38 UTC,VRSK,,,,183.0,Sì,L1 (181.27) + VWAP 3 (182.09),CORRENTE ASCENDENTE (LONG)
2026-08-10 15:46 UTC,ZS,,,,176.105,No,VWAP 1 (177.86),CORRENTE ASCENDENTE (LONG)
2026-08-10 16:27 UTC,CSGP,,,,30.93,No,VWAP 3 (30.93),CORRENTE ASCENDENTE (LONG)
2026-08-10 16:37 UTC,NOW,,,,127.305,No,VWAP 1 (129.48),CORRENTE ASCENDENTE (LONG)
2026-08-10 16:51 UTC,TRUP,,,,28.55,No,L1 (29.00),CORRENTE ASCENDENTE (LONG)
2026-08-10 17:52 UTC,MDT,,,,88.87,No,VWAP 2 (88.37),CORRENTE ASCENDENTE (LONG)
2026-08-10 17:53 UTC,TEVA,,,,35.39,No,L2 (35.20),CORRENTE ASCENDENTE (LONG)
2026-08-10 17:56 UTC,TFC,,,,51.91,No,L1 (52.00),CORRENTE ASCENDENTE (LONG)
2026-08-10 17:56 UTC,TMUS,,,,176.2,Sì,L2 (176.00) + VWAP 1 (177.28),CORRENTE ASCENDENTE (LONG)
2026-08-10 17:58 UTC,BX,,,,140.725,No,L1 (138.75),CORRENTE ASCENDENTE (LONG)
2026-08-10 17:59 UTC,XYZ,,,,79.18,No,L2 (77.73),CORRENTE ASCENDENTE (LONG)
2026-08-10 17:59 UTC,GOOGL,,,,354.1865,No,L2 (355.55),CORRENTE ASCENDENTE (LONG)
2026-08-10 18:00 UTC,SNN,,,,29.91,No,L2 (30.50),CORRENTE ASCENDENTE (LONG)
2026-08-10 18:01 UTC,STE,,,,236.9225,No,L3 (240.00),CORRENTE ASCENDENTE (LONG)
2026-08-10 18:02 UTC,CPR,,,,5.948,No,L2 (6.00),CORRENTE ASCENDENTE (LONG)
2026-08-10 18:02 UTC,NFLX,,,,75.5351,No,VWAP 3 (77.00),CORRENTE ASCENDENTE (LONG)
2026-08-10 18:05 UTC,TYL,,,,320.685,No,L2 (315.00),CORRENTE ASCENDENTE (LONG)
2026-08-10 18:09 UTC,MSTR,,,,96.7995,No,L1 (95.49),CORRENTE ASCENDENTE (LONG)
2026-08-10 18:13 UTC,MC.PA,,,,482.45,No,VWAP 3 (483.90),CORRENTE ASCENDENTE (LONG)
2026-08-10 18:15 UTC,AES,,,,14.71,No,VWAP 3 (14.50),CORRENTE ASCENDENTE (LONG)
2026-08-10 18:15 UTC,ALGN,,,,175.67,No,L3 (179.00),CORRENTE ASCENDENTE (LONG)
2026-08-10 18:16 UTC,APO,,,,130.215,No,L1 (129.31),CORRENTE ASCENDENTE (LONG)
2026-08-10 18:17 UTC,AZO,,,,3068.97,Sì,VWAP 1 (3032.72) + VWAP 3 (3122.67),CORRENTE ASCENDENTE (LONG)
2026-08-10 18:17 UTC,TECH,,,,72.13,No,L1 (71.40),CORRENTE ASCENDENTE (LONG)
2026-08-10 18:26 UTC,LEN,,,,85.59,No,VWAP 3 (87.28),CORRENTE ASCENDENTE (LONG)
2026-08-10 18:26 UTC,MAA,,,,132.36,Sì,L1 (129.98) + VWAP 1 (132.18) + VWAP 2 (130.10) + VWAP 3 (133.26),CORRENTE ASCENDENTE (LONG)
2026-08-10 18:32 UTC,ULTA,,,,548.26,No,VWAP 2 (543.33),CORRENTE ASCENDENTE (LONG)
2026-08-10 18:32 UTC,UNH,,,,410.03,No,VWAP 3 (405.93),CORRENTE ASCENDENTE (LONG)
2026-08-10 18:33 UTC,DIS,,,,103.2,No,VWAP 2 (105.01),CORRENTE ASCENDENTE (LONG)
2026-08-10 18:35 UTC,BMW.DE,,,,59.3,No,L1 (60.30),CORRENTE ASCENDENTE (LONG)
2026-08-10 18:36 UTC,MBG.DE,,,,47.085,No,VWAP 3 (47.64),CORRENTE ASCENDENTE (LONG)
2026-08-10 18:37 UTC,PAH3.DE,,,,28.68,No,VWAP 3 (29.11),CORRENTE ASCENDENTE (LONG)
2026-08-10 18:38 UTC,VNA.DE,,,,21.0,Sì,L1 (21.11) + VWAP 3 (21.00),CORRENTE ASCENDENTE (LONG)
2026-08-10 18:42 UTC,GFS,,,,51.7368,No,VWAP 1 (50.75),CORRENTE ASCENDENTE (LONG)
2026-08-10 18:45 UTC,KR,,,,56.485,No,VWAP 1 (55.38),CORRENTE ASCENDENTE (LONG)
2026-08-10 19:01 UTC,WDC,,,,442.115,No,L3 (440.00),CORRENTE ASCENDENTE (LONG)
2026-08-10 19:04 UTC,CAG,,,,14.705,No,L2 (14.50),CORRENTE ASCENDENTE (LONG)
2026-08-10 19:11 UTC,GEHC,,,,73.23,No,L1 (73.89),CORRENTE ASCENDENTE (LONG)
2026-08-10 19:32 UTC,SWKS,,,,69.44,No,L1 (68.24),CORRENTE ASCENDENTE (LONG)
2026-08-10 19:33 UTC,TSN,,,,57.23,No,VWAP 2 (58.15),CORRENTE ASCENDENTE (LONG)
2026-08-10 19:42 UTC,YMM,,,,9.69,No,L1 (9.50),CORRENTE ASCENDENTE (LONG)
2026-08-10 19:44 UTC,CSIQ,,,,15.72,No,L1 (16.00),CORRENTE ASCENDENTE (LONG)
2026-08-10 20:00 UTC,UGP,,,,6.015,No,L1 (6.00),N/D (NEUTRO)
2026-08-10 20:03 UTC,GIS,,,,37.28,No,L1 (38.00),N/D (NEUTRO)
2026-08-10 20:13 UTC,QCOM,,,,162.17,No,L1 (160.00),N/D (NEUTRO)
2026-08-10 20:30 UTC,OTIS,,,,72.87,Sì,L1 (72.64) + VWAP 3 (72.28),N/D (NEUTRO)
2026-08-10 20:34 UTC,UPS,,,,104.72,No,VWAP 3 (106.70),N/D (NEUTRO)
2026-08-10 21:41 UTC,CRSP,,,,53.51,No,L3 (54.11),CORRENTE ASCENDENTE (LONG)
2026-08-10 21:45 UTC,DG,,,,122.42,No,VWAP 1 (122.75),CORRENTE ASCENDENTE (LONG)
2026-08-10 23:26 UTC,LUV,,,,44.9,No,VWAP 3 (45.64),CORRENTE ASCENDENTE (LONG)
2026-08-10 23:26 UTC,UDR,,,,37.66,Sì,POC1 (36.96) + VWAP 3 (38.32),CORRENTE ASCENDENTE (LONG)
2026-08-11 11:41 UTC,SY1.DE,,,,91.2,No,VWAP 1 (90.71),CORRENTE ASCENDENTE (LONG)
2026-08-11 13:31 UTC,JBL,,,,350.645,No,VWAP 3 (351.15),CORRENTE ASCENDENTE (LONG)
2026-08-11 13:40 UTC,ZTS,,,,75.4,Sì,L1 (76.77) + VWAP 3 (76.62),CORRENTE ASCENDENTE (LONG)
2026-08-11 13:47 UTC,NXPI,,,,238.52,No,VWAP 2 (242.57),CORRENTE ASCENDENTE (LONG)
2026-08-11 13:48 UTC,BC,,,,81.44,No,L2 (83.00),CORRENTE ASCENDENTE (LONG)
2026-08-11 13:50 UTC,AAOI,,,,129.18,No,L1 (130.00),CORRENTE ASCENDENTE (LONG)
2026-08-11 13:51 UTC,DOC,,,,20.76,No,VWAP 3 (20.49),CORRENTE ASCENDENTE (LONG)
2026-08-11 14:37 UTC,AMAT,,,,535.835,No,VWAP 3 (544.13),CORRENTE ASCENDENTE (LONG)
2026-08-11 14:45 UTC,AOS,,,,63.94,Sì,L1 (64.24) + VWAP 2 (65.19),CORRENTE ASCENDENTE (LONG)
2026-08-11 14:46 UTC,AMT,,,,171.47,No,L1 (173.59),CORRENTE ASCENDENTE (LONG)
2026-08-11 14:47 UTC,BIIB,,,,204.44,Sì,VWAP 1 (202.08) + VWAP 3 (200.67),CORRENTE ASCENDENTE (LONG)
2026-08-11 14:48 UTC,BLDR,,,,74.465,Sì,L1 (74.37) + VWAP 3 (75.64),CORRENTE ASCENDENTE (LONG)
2026-08-11 14:49 UTC,CTSH,,,,59.105,No,VWAP 2 (60.05),CORRENTE ASCENDENTE (LONG)
2026-08-11 14:55 UTC,KKR,,,,108.56,No,VWAP 2 (108.65),CORRENTE ASCENDENTE (LONG)
2026-08-11 14:58 UTC,PSKY,,,,9.335,No,VWAP 3 (9.48),CORRENTE ASCENDENTE (LONG)
2026-08-11 15:00 UTC,CRM,,,,199.04,No,VWAP 2 (202.55),CORRENTE ASCENDENTE (LONG)
2026-08-11 15:06 UTC,MRK.DE,,,,140.6,No,VWAP 1 (138.19),CORRENTE ASCENDENTE (LONG)
2026-08-11 15:07 UTC,ENR.DE,,,,159.62,No,VWAP 3 (161.80),CORRENTE ASCENDENTE (LONG)
2026-08-11 15:09 UTC,NEXI.MI,,,,4.229,No,L2 (4.25),CORRENTE ASCENDENTE (LONG)
2026-08-11 15:59 UTC,CDW,,,,135.555,Sì,L1 (134.81) + VWAP 2 (135.09),CORRENTE ASCENDENTE (LONG)
2026-08-11 16:02 UTC,NESN,,,,80.17,No,L2 (80.00),CORRENTE ASCENDENTE (LONG)
2026-08-11 16:06 UTC,HUN,,,,10.565,No,L3 (10.75),CORRENTE ASCENDENTE (LONG)
2026-08-11 16:08 UTC,IDXX,,,,591.37,No,L2 (580.00),CORRENTE ASCENDENTE (LONG)
2026-08-11 16:11 UTC,ASAN,,,,9.39,No,L2 (9.50),CORRENTE ASCENDENTE (LONG)
2026-08-11 16:13 UTC,BSX,,,,51.2216,No,L3 (52.00),CORRENTE ASCENDENTE (LONG)
2026-08-11 16:17 UTC,MELI,,,,1923.1851,No,VWAP 2 (1947.36),CORRENTE ASCENDENTE (LONG)
2026-08-11 16:20 UTC,TER,,,,379.78,No,VWAP 3 (383.29),CORRENTE ASCENDENTE (LONG)
2026-08-11 16:39 UTC,UHS,,,,169.835,No,VWAP 1 (166.80),CORRENTE ASCENDENTE (LONG)
2026-08-11 16:42 UTC,FME.DE,,,,41.81,No,L1 (41.18),CORRENTE ASCENDENTE (LONG)
2026-08-11 17:13 UTC,NVDA,,,,216.91,No,L1 (213.00),CORRENTE ASCENDENTE (LONG)
2026-08-11 17:25 UTC,ROP,,,,400.83,No,VWAP 2 (394.05),CORRENTE ASCENDENTE (LONG)
2026-08-11 19:00 UTC,TRI,,,,104.98,No,VWAP 2 (106.60),CORRENTE ASCENDENTE (LONG)
2026-08-11 19:25 UTC,BXP,,,,68.02,No,L1 (68.47),CORRENTE ASCENDENTE (LONG)
2026-08-11 19:28 UTC,ELV,,,,389.74,No,VWAP 3 (394.54),CORRENTE ASCENDENTE (LONG)
2026-08-11 20:15 UTC,BIO,,,,356.25,No,L1 (350.00),CORRENTE ASCENDENTE (LONG)
2026-08-11 23:07 UTC,DOW,,,,31.26,No,VWAP 3 (31.87),CORRENTE ASCENDENTE (LONG)
2026-08-11 23:08 UTC,ERIE,,,,256.64,No,VWAP 2 (261.70),CORRENTE ASCENDENTE (LONG)
2026-08-11 23:28 UTC,LII,,,,430.83,No,POC2 (425.31),CORRENTE ASCENDENTE (LONG)
2026-08-12 08:56 UTC,BEI.DE,,,,78.84,No,L1 (77.45),CORRENTE ASCENDENTE (LONG)
2026-08-12 09:00 UTC,BC.MI,,,,89.84,No,VWAP 1 (88.35),CORRENTE ASCENDENTE (LONG)
2026-08-12 10:22 UTC,RMS.PA,,,,1617.0,Sì,L1 (1648.25) + VWAP 3 (1627.55),CORRENTE ASCENDENTE (LONG)
2026-08-12 10:44 UTC,QIA.DE,,,,36.55,No,VWAP 2 (36.72),CORRENTE ASCENDENTE (LONG)
2026-08-12 13:30 UTC,COHR,,,,353.92,No,VWAP 3 (350.95),CORRENTE ASCENDENTE (LONG)
2026-08-12 13:31 UTC,DHR,,,,203.03,No,VWAP 2 (199.91),CORRENTE ASCENDENTE (LONG)
2026-08-12 13:33 UTC,FIS,,,,42.17,No,VWAP 3 (41.52),CORRENTE ASCENDENTE (LONG)
2026-08-12 13:40 UTC,PWR,,,,686.465,No,VWAP 3 (698.44),CORRENTE ASCENDENTE (LONG)
2026-08-12 13:44 UTC,WY,,,,24.73,No,L1 (24.33),CORRENTE ASCENDENTE (LONG)
2026-08-12 13:48 UTC,G24.DE,,,,78.0,No,VWAP 2 (79.51),CORRENTE ASCENDENTE (LONG)
2026-08-12 15:00 UTC,CBRS,,,,251.505,No,L2 (250.00),CORRENTE ASCENDENTE (LONG)
2026-08-12 15:03 UTC,EFX,,,,179.07,No,L1 (176.00),CORRENTE ASCENDENTE (LONG)
2026-08-12 15:12 UTC,MU,,,,924.89,No,VWAP 3 (936.52),CORRENTE ASCENDENTE (LONG)
2026-08-12 15:13 UTC,MPWR,,,,1433.865,No,VWAP 3 (1457.91),CORRENTE ASCENDENTE (LONG)
2026-08-12 15:14 UTC,STX,,,,886.34,No,VWAP 3 (878.44),CORRENTE ASCENDENTE (LONG)
2026-08-12 15:16 UTC,KER.PA,,,,272.75,No,VWAP 2 (268.32),CORRENTE ASCENDENTE (LONG)
2026-08-12 15:21 UTC,CMG,,,,32.78,Sì,L1 (33.24) + VWAP 3 (32.89),CORRENTE ASCENDENTE (LONG)
2026-08-12 15:23 UTC,DVN,,,,44.95,No,VWAP 3 (44.15),CORRENTE ASCENDENTE (LONG)
2026-08-12 15:29 UTC,MOS,,,,22.485,Sì,L1 (22.16) + VWAP 3 (22.20),CORRENTE ASCENDENTE (LONG)
2026-08-12 15:33 UTC,TROW,,,,111.5,No,VWAP 3 (110.35),CORRENTE ASCENDENTE (LONG)
2026-08-12 15:34 UTC,TRMB,,,,56.99,No,L1 (55.95),CORRENTE ASCENDENTE (LONG)
2026-08-12 15:43 UTC,CRH,,,,98.61,No,POC1 (96.94),CORRENTE ASCENDENTE (LONG)
2026-08-12 15:44 UTC,FCEL,,,,21.15,No,L2 (21.50),CORRENTE ASCENDENTE (LONG)
2026-08-12 17:32 UTC,LULU,,,,121.325,No,VWAP 3 (119.02),CORRENTE ASCENDENTE (LONG)
2026-08-12 18:27 UTC,CLX,,,,105.83,No,VWAP 2 (103.91),CORRENTE ASCENDENTE (LONG)
2026-08-12 20:00 UTC,RIVN,,,,15.93,No,L3 (15.63),CORRENTE ASCENDENTE (LONG)
2026-08-12 23:30 UTC,DHI,,,,145.82,No,POC1 (145.63),N/D (NEUTRO)
2026-08-13 01:49 UTC,KHC,,,,24.53,Sì,L2 (25.00) + VWAP 3 (24.39),CORRENTE ASCENDENTE (LONG)
2026-08-13 01:50 UTC,LOW,,,,215.97,Sì,VWAP 1 (217.22) + VWAP 3 (214.18),CORRENTE ASCENDENTE (LONG)
2026-08-13 01:54 UTC,IONQ,,,,45.2,No,L1 (45.18),CORRENTE ASCENDENTE (LONG)
2026-08-13 01:56 UTC,VIST,,,,66.01,No,L1 (67.00),CORRENTE ASCENDENTE (LONG)
2026-08-13 01:56 UTC,FRO,,,,39.57,No,L1 (40.00),CORRENTE ASCENDENTE (LONG)
2026-08-13 02:02 UTC,CCS,,,,70.45,No,L1 (70.00),CORRENTE ASCENDENTE (LONG)
2026-08-13 02:04 UTC,ADSK,,,,249.51,No,VWAP 2 (253.71),CORRENTE ASCENDENTE (LONG)
2026-08-13 02:12 UTC,ALB,,,,128.34,No,VWAP 1 (128.05),CORRENTE ASCENDENTE (LONG)
2026-08-13 02:13 UTC,ARES,,,,142.35,No,L2 (140.00),CORRENTE ASCENDENTE (LONG)
2026-08-13 02:19 UTC,EME,,,,833.4,No,VWAP 3 (821.30),CORRENTE ASCENDENTE (LONG)
2026-08-13 02:20 UTC,FSLR,,,,226.77,No,VWAP 2 (230.95),CORRENTE ASCENDENTE (LONG)
2026-08-13 02:22 UTC,HSY,,,,184.23,Sì,L1 (181.38) + VWAP 1 (185.25) + VWAP 3 (180.62),CORRENTE ASCENDENTE (LONG)
2026-08-13 02:25 UTC,NVR,,,,6293.9502,No,VWAP 3 (6319.60),CORRENTE ASCENDENTE (LONG)
2026-08-13 02:27 UTC,PPG,,,,114.6,Sì,VWAP 1 (116.04) + VWAP 3 (114.61),CORRENTE ASCENDENTE (LONG)
2026-08-13 02:37 UTC,SPM.MI,,,,4.4,No,VWAP 3 (4.36),CORRENTE ASCENDENTE (LONG)
2026-08-13 02:42 UTC,SAN.PA,,,,75.42,Sì,POC1 (75.21) + VWAP 2 (76.74) + VWAP 3 (75.44),CORRENTE ASCENDENTE (LONG)
