Ticker,Livello 1,Nota 1,Livello 2,Nota 2,Livello 3,Nota 3,VWAP 1,Nota VWAP 1,VWAP 2,Nota VWAP 2,VWAP 3,Nota VWAP 3,Screenshot,Origine,POC 1,Nota POC 1,POC 2,Nota POC 2,POC 3,Nota POC 3,Auto_Indice
DASH,140.33,,175.84,,190.0,,135.36,VWAP 4Y,199.48,VWAP 1Y,170.27,VWAP 3M,,manuale,0.0,,0.0,,0.0,,
TSCO,32.0,,30.0,,28.0,,44.8,VWAP 4Y,42.78,VWAP 1Y,30.88,VWAP 3M,screenshots/TSCO_1785228632.webp,manuale,0.0,,0.0,,0.0,,
TRI,92.0,,90.0,,80.0,,124.98,VWAP 4Y,108.93,VWAP 1Y,88.08,VWAP 3M,,manuale,0.0,,0.0,,0.0,,
FTK,22.74,,17.19,,16.7,,0.0,,0.0,,0.0,,,manuale,0.0,,0.0,,0.0,,
CDW,134.81,,142.0,,121.99,,167.77,VWAP 4Y,135.73,VWAP 1Y,125.91,VWAP 3M,,manuale,0.0,,0.0,,0.0,,
KHC,32.06,,25.0,,23.35,,27.4,VWAP 4Y,23.69,VWAP 1Y,23.85,VWAP 3M,,manuale,0.0,,0.0,,0.0,,
TMO,473.68,,427.0,,505.0,,0.0,,0.0,,0.0,,,manuale,0.0,,0.0,,0.0,,
LOW,203.36,,223.0,,276.0,,216.71,VWAP 4Y,238.55,VWAP 1Y,216.04,VWAP 3M,,manuale,0.0,,0.0,,0.0,,
ODD,17.01,,16.0,,14.0,,0.0,,0.0,,0.0,,,manuale,0.0,,0.0,,0.0,,
UPST,35.74,,27.0,,26.0,,0.0,,0.0,,0.0,,,manuale,0.0,,0.0,,0.0,,
RIVN,18.0,,13.8,,15.63,,0.0,,0.0,,0.0,,,manuale,0.0,,0.0,,0.0,,
TAK,16.48,,16.39,,15.96,,0.0,,0.0,,0.0,,,manuale,0.0,,0.0,,0.0,,
VRTX,496.73,,500.0,,350.18,,0.0,,0.0,,0.0,,,manuale,0.0,,0.0,,0.0,,
DNA,10.73,,16.0,,8.0,,0.0,,0.0,,0.0,,,manuale,0.0,,0.0,,0.0,,
CRSP,60.5,,56.11,,54.11,,0.0,,0.0,,0.0,,,manuale,0.0,,0.0,,0.0,,
MDT,95.5,,85.5,,80.96,,80.81,,88.47,,79.05,,,manuale,0.0,,0.0,,0.0,,
DLO,14.67,,16.2,,18.2,,0.0,,0.0,,0.0,,,manuale,0.0,,0.0,,0.0,,
MANH,140.7,,119.33,,150.0,,0.0,,0.0,,0.0,,,manuale,0.0,,0.0,,0.0,,
TSCO,42.64,,29.0,,26.02,,0.0,,0.0,,0.0,,screenshots/AFX_1783088037.webp,manuale,0.0,,0.0,,0.0,,
GBPJPY,215.4,,215.271,,215.05,,0.0,,0.0,,0.0,,screenshots/GBPJPY_1783095005.webp,manuale,0.0,,0.0,,0.0,,
FCT,13.0,,11.5,,10.0,,0.0,,0.0,,0.0,,screenshots/FCT_1784543160.webp,manuale,0.0,,0.0,,0.0,,
NESN,84.55,,80.0,,74.47,,0.0,,0.0,,0.0,,screenshots/NESN_1783324982.webp,manuale,0.0,,0.0,,0.0,,
SPCX,171.45,,165.22,,160.36,,0.0,,0.0,,0.0,,screenshots/SPCX_1783325002.webp,manuale,0.0,,0.0,,0.0,,
TEVA,34.54,,35.2,,34.25,,0.0,,0.0,,0.0,,screenshots/TEVA_1783325020.webp,manuale,0.0,,0.0,,0.0,,
T,33.66,,20.6,,19.26,,0.0,,0.0,,0.0,,screenshots/T_1783344819.webp,manuale,0.0,,0.0,,0.0,,
SGI,83.08,,78.43,,73.43,,0.0,,0.0,,0.0,,screenshots/SGI_1783344838.webp,manuale,0.0,,0.0,,0.0,,
FAST,46.79,,37.51,,23.94,,0.0,,0.0,,0.0,,screenshots/FAST_1783344859.webp,manuale,0.0,,0.0,,0.0,,
WFC,86.39,,85.51,,80.59,,0.0,,0.0,,0.0,,screenshots/WFC_1783346456.webp,manuale,0.0,,0.0,,0.0,,
PATH,17.09,,11.92,,10.75,,0.0,,0.0,,0.0,,screenshots/PATH_1783496850.webp,manuale,0.0,,0.0,,0.0,,
GLBE,36.85,,32.8,,30.0,,0.0,,0.0,,0.0,,screenshots/GLBE_1783496870.webp,manuale,0.0,,0.0,,0.0,,
DCI,89.36,,80.0,,72.63,,0.0,,0.0,,0.0,,screenshots/DCI_1783496884.webp,manuale,0.0,,0.0,,0.0,,
AF,12.655,,10.0,,33.0,,0.0,,0.0,,0.0,,screenshots/AF_1783496901.webp,manuale,0.0,,0.0,,0.0,,
VIV,13.5,,13.3,,13.26,,0.0,,0.0,,0.0,,screenshots/VIV_1783496916.webp,manuale,0.0,,0.0,,0.0,,
LNG,248.0,,230.0,,180.0,,0.0,,0.0,,0.0,,screenshots/LNG_1783496939.webp,manuale,0.0,,0.0,,0.0,,
CVX,170.0,,155.71,,103.16,,0.0,,0.0,,0.0,,screenshots/CVX_1783496962.webp,manuale,0.0,,0.0,,0.0,,
RHI,36.0,,34.0,,27.03,,0.0,,0.0,,0.0,,screenshots/RHI_1783497022.webp,manuale,0.0,,0.0,,0.0,,
INTC,111.56,,112.5,,107.5,,41.05,VWAP 4Y,61.29,VWAP 1Y,112.57,VWAP 3M,screenshots/INTC_1783497283.webp,manuale,0.0,,0.0,,0.0,,
VLO,190.0,,170.0,,135.0,,0.0,,0.0,,0.0,,screenshots/VLO_1783520261.webp,manuale,0.0,,0.0,,0.0,,
IONQ,45.18,,42.0,,36.0,,0.0,,0.0,,0.0,,screenshots/IONQ_1783608668.webp,manuale,0.0,,0.0,,0.0,,
CHRW,188.37,,194.5,,107.01,,0.0,,0.0,,0.0,,screenshots/CHRW_1783608703.webp,manuale,0.0,,0.0,,0.0,,
META,640.0,,680.0,,497.42,,389.78,VWAP 4Y,650.77,VWAP 1Y,608.27,VWAP 3M,screenshots/META_1783690315.webp,manuale,0.0,,0.0,,0.0,,
TFC,52.0,,46.55,,47.0,,0.0,,0.0,,0.0,,screenshots/TFC_1783690409.webp,manuale,0.0,,0.0,,0.0,,
UGP,6.0,,4.0,,6.3,,0.0,,0.0,,0.0,,screenshots/UGP_1783690446.webp,manuale,0.0,,0.0,,0.0,,
SOFI,19.7,,16.0,,15.5,,0.0,,0.0,,0.0,,screenshots/SOFI_1783691271.webp,manuale,0.0,,0.0,,0.0,,
CBRS,216.0,,250.0,,170.0,,0.0,,0.0,,0.0,,screenshots/CBRS_1783691303.webp,manuale,0.0,,0.0,,0.0,,
DATA,1.875,,1.7,,1.8,,0.0,,0.0,,0.0,,screenshots/DATA_1783931741.webp,manuale,0.0,,0.0,,0.0,,
TMUS,185.0,,176.0,,192.0,,176.92,VWAP 4Y,203.99,VWAP 1Y,184.83,VWAP 3M,screenshots/TMUS_1783931791.webp,manuale,0.0,,0.0,,0.0,,
DG,120.0,,125.0,,105.0,,123.05,VWAP 4Y,118.37,VWAP 1Y,111.81,VWAP 3M,screenshots/DG_1784025278.webp,manuale,0.0,,0.0,,0.0,,
CI,290.0,,260.0,,310.0,,0.0,,0.0,,0.0,,screenshots/CI_1784025317.webp,manuale,0.0,,0.0,,0.0,,
HUN,11.6,,11.1,,10.75,,0.0,,0.0,,0.0,,screenshots/HUN_1784025343.webp,manuale,0.0,,0.0,,0.0,,
WDC,530.0,,560.0,,583.0,,112.76,VWAP 4Y,278.75,VWAP 1Y,552.28,VWAP 3M,screenshots/WDC_1784099713.webp,manuale,0.0,,0.0,,0.0,,
VIST,67.0,,62.0,,68.0,,0.0,,0.0,,0.0,,screenshots/VIST_1784099837.webp,manuale,0.0,,0.0,,0.0,,
FRO,40.0,,10.0,,43.0,,0.0,,0.0,,0.0,,screenshots/FRO_1784099880.webp,manuale,0.0,,0.0,,0.0,,
HPE,50.0,,51.0,,49.0,,20.74,VWAP 4Y,28.95,VWAP 1Y,45.02,VWAP 3M,screenshots/HPE_1784123116.webp,manuale,0.0,,0.0,,0.0,,
CVNA,72.0,,67.5,,60.0,,15.69,VWAP 4Y,73.8,VWAP 1Y,68.99,VWAP 3M,screenshots/CVNA_1784123167.webp,manuale,0.0,,0.0,,0.0,,
BX,138.75,,127.0,,113.01,,116.15,VWAP 4Y,131.75,VWAP 1Y,121.16,VWAP 3M,screenshots/BX_1784123195.webp,manuale,0.0,,0.0,,0.0,,
BLK,1060.0,,1033.48,,980.0,,0.0,,0.0,,0.0,,screenshots/BLK_1784123248.webp,manuale,0.0,,0.0,,0.0,,
NVDA,213.0,,208.0,,182.0,,0.0,,0.0,,0.0,,screenshots/NVDA_1784123280.webp,manuale,0.0,,0.0,,0.0,,
LOVE,18.0,,20.0,,28.0,,0.0,,0.0,,0.0,,,manuale,0.0,,0.0,,0.0,,
J,129.26,,138.8,,121.64,,0.0,,0.0,,0.0,,screenshots/J_1784127773.webp,manuale,0.0,,0.0,,0.0,,
XYZ,85.0,,77.73,,64.24,,66.99,VWAP 4Y,68.22,VWAP 1Y,74.1,VWAP 3M,screenshots/XYZ_1784127802.webp,manuale,0.0,,0.0,,0.0,,
EFX,176.0,,172.5,,162.5,,215.63,VWAP 4Y,196.88,VWAP 1Y,166.99,VWAP 3M,screenshots/EFX_1784127837.webp,manuale,0.0,,0.0,,0.0,,
COF,210.0,,202.0,,185.56,,0.0,,0.0,,0.0,,screenshots/COF_1784128205.webp,manuale,0.0,,0.0,,0.0,,
GOOGL,373.0,,355.55,,340.0,,0.0,,0.0,,0.0,,screenshots/GOOGL_1784184979.webp,manuale,0.0,,0.0,,0.0,,
WPP,19.0,,18.0,,15.0,,0.0,,0.0,,0.0,,screenshots/WPP_1784209045.webp,manuale,0.0,,0.0,,0.0,,
GIS,38.0,,33.5,,32.0,,52.56,VWAP 4Y,40.13,VWAP 1Y,34.56,VWAP 3M,screenshots/GIS_1784209081.webp,manuale,0.0,,0.0,,0.0,,
ITW,276.0,,270.21,,249.4,,0.0,,0.0,,0.0,,screenshots/ITW_1784209112.webp,manuale,0.0,,0.0,,0.0,,
IDXX,557.8,,580.0,,505.0,,503.06,VWAP 4Y,621.84,VWAP 1Y,555.3,VWAP 3M,screenshots/IDXX_1784210938.webp,manuale,0.0,,0.0,,0.0,,
BDX,160.0,,140.0,,139.0,,0.0,,0.0,,0.0,,screenshots/BDX_1785227179.webp,manuale,0.0,,0.0,,0.0,,
SNN,31.2,,30.5,,28.45,,0.0,,0.0,,0.0,,screenshots/SNN_1784211016.webp,manuale,0.0,,0.0,,0.0,,
M,23.0,,16.0,,8.0,,0.0,,0.0,,0.0,,screenshots/M_1784211542.webp,manuale,0.0,,0.0,,0.0,,
LCID,7.0,,6.0,,5.5,,0.0,,0.0,,0.0,,screenshots/LCID_1784216098.webp,manuale,0.0,,0.0,,0.0,,
CAG,15.5,,14.5,,14.0,,0.0,,0.0,,0.0,,screenshots/CAG_1784270826.webp,manuale,0.0,,0.0,,0.0,,
NRC,23.5,,23.02,,16.0,,0.0,,0.0,,0.0,,screenshots/NRC_1784270860.webp,manuale,0.0,,0.0,,0.0,,
GDY,95.0,,85.0,,77.5,,0.0,,0.0,,0.0,,screenshots/GDY_1784270949.webp,manuale,0.0,,0.0,,0.0,,
KIM,25.5,,21.0,,18.0,,0.0,,0.0,,0.0,,screenshots/KIM_1784271019.webp,manuale,0.0,,0.0,,0.0,,
STE,220.0,,214.0,,240.0,,0.0,,0.0,,0.0,,screenshots/STE_1784271072.webp,manuale,0.0,,0.0,,0.0,,
CPR,5.7,,6.0,,5.2,,0.0,,0.0,,0.0,,screenshots/CPR_1784272216.webp,manuale,0.0,,0.0,,0.0,,
RI,66.0,,63.0,,60.0,,0.0,,0.0,,0.0,,screenshots/RI_1785244368.webp,manuale,0.0,,0.0,,0.0,,
NFLX,73.0,,65.0,,60.0,,59.07,VWAP 4Y,95.49,VWAP 1Y,78.57,VWAP 3M,screenshots/NFLX_1784301871.webp,manuale,0.0,,0.0,,0.0,,
THO,80.0,,83.0,,72.0,,0.0,,0.0,,0.0,,screenshots/THO_1784302156.webp,manuale,0.0,,0.0,,0.0,,
TRI,100.0,,112.0,,92.0,,0.0,,0.0,,0.0,,screenshots/TRI_1784302199.webp,manuale,0.0,,0.0,,0.0,,
ASAN,8.0,,9.5,,7.5,,0.0,,0.0,,0.0,,screenshots/ASAN_1784302237.webp,manuale,0.0,,0.0,,0.0,,
SMG,80.0,,90.0,,60.0,,0.0,,0.0,,0.0,,screenshots/SMG_1784302268.webp,manuale,0.0,,0.0,,0.0,,
NFBK,16.0,,11.87,,9.0,,0.0,,0.0,,0.0,,screenshots/NFBK_1784558521.webp,manuale,0.0,,0.0,,0.0,,
KOA,2.2,,2.0,,1.5,,0.0,,0.0,,0.0,,screenshots/KOA_1784638502.webp,manuale,0.0,,0.0,,0.0,,
COIN,170.0,,160.0,,140.0,,167.81,VWAP 4Y,236.78,VWAP 1Y,174.73,VWAP 3M,screenshots/COIN_1784640797.webp,manuale,0.0,,0.0,,0.0,,
MMM,175.0,,149.5,,135.0,,0.0,,0.0,,0.0,,screenshots/MMM_1784640841.webp,manuale,0.0,,0.0,,0.0,,
OTLY,14.0,,10.0,,7.5,,0.0,,0.0,,0.0,,screenshots/OTLY_1784733608.webp,manuale,0.0,,0.0,,0.0,,
PKX,53.0,,50.0,,60.0,,0.0,,0.0,,0.0,,screenshots/PKX_1784795071.webp,manuale,0.0,,0.0,,0.0,,
SAP,135.0,,100.0,,165.0,,0.0,,0.0,,0.0,,screenshots/SAP_1784796858.jpeg,manuale,0.0,,0.0,,0.0,,
LMT,540.0,,515.0,,480.0,,0.0,,0.0,,0.0,,screenshots/LMT_1784810872.webp,manuale,0.0,,0.0,,0.0,,
CCS,70.0,,63.0,,50.0,,0.0,,0.0,,0.0,,screenshots/CCS_1784814548.webp,manuale,0.0,,0.0,,0.0,,
BIO,350.0,,310.0,,370.0,,0.0,,0.0,,0.0,,screenshots/BIO_1784814636.webp,manuale,0.0,,0.0,,0.0,,
OVV,60.0,,20.0,,5.0,,0.0,,0.0,,0.0,,screenshots/OVV_1784814680.webp,manuale,0.0,,0.0,,0.0,,
DOV,195.0,,185.0,,142.75,,0.0,,0.0,,0.0,,screenshots/DOV_1784814728.webp,manuale,0.0,,0.0,,0.0,,
BAMII,15.75,,15.0,,16.0,,0.0,,0.0,,0.0,,screenshots/BAMII_1785136532.webp,manuale,0.0,,0.0,,0.0,,
TISG,1.15,,1.0,,0.9,,0.0,,0.0,,0.0,,screenshots/TISG_1785136797.webp,manuale,0.0,,0.0,,0.0,,
TM,182.0,,180.0,,170.0,,0.0,,0.0,,0.0,,screenshots/TM_1785226845.webp,manuale,0.0,,0.0,,0.0,,
SWK,92.0,,78.0,,70.0,,75.56,VWAP 4Y,75.23,VWAP 1Y,83.67,VWAP 3M,screenshots/SWK_1785226879.webp,manuale,0.0,,0.0,,0.0,,
NOC,551.1,,480.0,,477.0,,491.25,VWAP 4Y,598.4,VWAP 1Y,537.13,VWAP 3M,screenshots/NOC_1785226905.webp,manuale,0.0,,0.0,,0.0,,
BSX,46.0,,44.0,,52.0,,68.8,VWAP 4Y,71.56,VWAP 1Y,48.5,VWAP 3M,screenshots/BSX_1785331492.webp,manuale,0.0,,0.0,,0.0,,
ARN,20.5,,19.5,18.0,18.0,,0.0,,0.0,,0.0,,screenshots/ARN_1785227044.webp,manuale,0.0,,0.0,,0.0,,
EGEN,28.0,,22.0,,27.5,,0.0,,0.0,,0.0,,screenshots/EGEN_1785227081.webp,manuale,0.0,,0.0,,0.0,,
CXM,6.25,,5.25,,5.0,,0.0,,0.0,,0.0,,screenshots/CXM_1785227369.webp,manuale,0.0,,0.0,,0.0,,
BF.A,190.0,,170.0,,165.0,,0.0,,0.0,,0.0,,,manuale,0.0,,0.0,,0.0,,
ARM,240.0,,220.0,,200.0,,0.0,,0.0,,0.0,,,manuale,0.0,,0.0,,0.0,,
TYL,360.0,,315.0,,300.0,,424.0,VWAP 4Y,379.7,VWAP 1Y,307.78,VWAP 3M,,manuale,0.0,,0.0,,0.0,,
ADBE,201.97,POC da Screener ARGO,0.0,,0.0,,390.63,VWAP 4Y,282.27,VWAP 1Y,227.92,VWAP 3M,,manuale,0.0,,0.0,,0.0,,
ABNB,135.97,POC da Screener ARGO,0.0,,0.0,,128.15,VWAP 4Y,129.61,VWAP 1Y,140.13,VWAP 3M,,manuale,0.0,,0.0,,0.0,,
ALNY,251.0,POC da Screener ARGO,0.0,,0.0,,271.76,VWAP 4Y,368.88,VWAP 1Y,295.08,VWAP 3M,,manuale,0.0,,0.0,,0.0,,
AMAT,158.49,POC da Screener ARGO,0.0,,0.0,,206.4,VWAP 4Y,343.89,VWAP 1Y,534.5,VWAP 3M,,manuale,0.0,,0.0,,0.0,,
APP,39.83,POC da Screener ARGO,0.0,,0.0,,272.34,VWAP 4Y,520.78,VWAP 1Y,488.32,VWAP 3M,,manuale,0.0,,0.0,,0.0,,
ADSK,203.86,POC da Screener ARGO,0.0,,0.0,,243.16,VWAP 4Y,255.31,VWAP 1Y,217.74,VWAP 3M,,manuale,0.0,,0.0,,0.0,,
AXON,406.94,POC da Screener ARGO,0.0,,0.0,,409.46,VWAP 4Y,536.94,VWAP 1Y,463.97,VWAP 3M,,manuale,0.0,,0.0,,0.0,,
CMCSA,21.88,POC da Screener ARGO,0.0,,0.0,,30.74,VWAP 4Y,26.71,VWAP 1Y,24.03,VWAP 3M,,manuale,0.0,,0.0,,0.0,,
CEG,83.44,POC da Screener ARGO,0.0,,0.0,,214.16,VWAP 4Y,307.02,VWAP 1Y,269.63,VWAP 3M,,manuale,0.0,,0.0,,0.0,,
CPRT,28.9,POC da Screener ARGO,0.0,,0.0,,42.94,VWAP 4Y,37.08,VWAP 1Y,30.55,VWAP 3M,,manuale,0.0,,0.0,,0.0,,
CRWV,80.84,POC da Screener ARGO,0.0,,0.0,,101.62,VWAP 4Y,99.91,VWAP 1Y,101.3,VWAP 3M,,manuale,0.0,,0.0,,0.0,,
DXCM,69.49,POC da Screener ARGO,0.0,,0.0,,86.68,VWAP 4Y,68.48,VWAP 1Y,69.39,VWAP 3M,,manuale,0.0,,0.0,,0.0,,
GEHC,73.89,POC da Screener ARGO,0.0,,0.0,,75.27,VWAP 4Y,71.75,VWAP 1Y,63.22,VWAP 3M,,manuale,0.0,,0.0,,0.0,,
INTU,263.93,POC da Screener ARGO,0.0,,0.0,,497.68,VWAP 4Y,442.5,VWAP 1Y,304.49,VWAP 3M,,manuale,0.0,,0.0,,0.0,,
ISRG,403.36,POC da Screener ARGO,0.0,,0.0,,399.72,VWAP 4Y,466.14,VWAP 1Y,401.81,VWAP 3M,,manuale,0.0,,0.0,,0.0,,
KDP,31.95,POC da Screener ARGO,0.0,,0.0,,30.22,VWAP 4Y,28.17,VWAP 1Y,30.88,VWAP 3M,,manuale,0.0,,0.0,,0.0,,
KLAC,35.95,POC da Screener ARGO,0.0,,0.0,,78.82,VWAP 4Y,153.19,VWAP 1Y,217.32,VWAP 3M,,manuale,0.0,,0.0,,0.0,,
LRCX,250.0,,225.0,,198.0,,100.19,VWAP 4Y,213.5,VWAP 1Y,331.99,VWAP 3M,screenshots/LRCX_1785337202.webp,manuale,0.0,,0.0,,0.0,,
LITE,61.61,POC da Screener ARGO,0.0,,0.0,,317.3,VWAP 4Y,556.99,VWAP 1Y,870.49,VWAP 3M,,manuale,0.0,,0.0,,0.0,,
MRVL,87.04,POC da Screener ARGO,0.0,,0.0,,99.81,VWAP 4Y,154.89,VWAP 1Y,250.1,VWAP 3M,,manuale,0.0,,0.0,,0.0,,
MELI,1628.59,POC da Screener ARGO,0.0,,0.0,,1606.8,VWAP 4Y,1963.0,VWAP 1Y,1685.84,VWAP 3M,,manuale,0.0,,0.0,,0.0,,
MU,111.11,POC da Screener ARGO,0.0,,0.0,,255.81,VWAP 4Y,521.82,VWAP 1Y,903.65,VWAP 3M,,manuale,0.0,,0.0,,0.0,,
MSFT,399.08,POC da Screener ARGO,0.0,,0.0,,371.2,VWAP 4Y,435.88,VWAP 1Y,399.0,VWAP 3M,,manuale,0.0,,0.0,,0.0,,
MSTR,95.49,POC da Screener ARGO,0.0,,0.0,,184.24,VWAP 4Y,178.07,VWAP 1Y,122.83,VWAP 3M,,manuale,0.0,,0.0,,0.0,,
MPWR,956.16,POC da Screener ARGO,0.0,,0.0,,728.49,VWAP 4Y,1157.38,VWAP 1Y,1457.91,VWAP 3M,,manuale,0.0,,0.0,,0.0,,
NBIS,97.44,POC da Screener ARGO,0.0,,0.0,,0.0,VWAP 4Y,0.0,VWAP 1Y,0.0,VWAP 3M,,manuale,0.0,,0.0,,0.0,,
PLTR,24.4,POC da Screener ARGO,0.0,,0.0,,70.0,VWAP 4Y,157.53,VWAP 1Y,132.73,VWAP 3M,,manuale,0.0,,0.0,,0.0,,
PAYX,109.71,POC da Screener ARGO,0.0,,0.0,,0.0,VWAP 4Y,0.0,VWAP 1Y,0.0,VWAP 3M,,manuale,0.0,,0.0,,0.0,,
PYPL,44.74,POC da Screener ARGO,0.0,,0.0,,65.08,VWAP 4Y,53.91,VWAP 1Y,47.31,VWAP 3M,,manuale,0.0,,0.0,,0.0,,
PDD,82.28,POC da Screener ARGO,0.0,,0.0,,102.36,VWAP 4Y,108.02,VWAP 1Y,86.4,VWAP 3M,,manuale,0.0,,0.0,,0.0,,
QCOM,160.0,,150.0,,170.0,,150.75,VWAP 4Y,174.43,VWAP 1Y,202.36,VWAP 3M,screenshots/QCOM_1785331583.webp,manuale,0.0,,0.0,,0.0,,
RKLB,4.7,POC da Screener ARGO,0.0,,0.0,,42.13,VWAP 4Y,74.63,VWAP 1Y,102.79,VWAP 3M,,manuale,0.0,,0.0,,0.0,,
ROP,351.67,POC da Screener ARGO,0.0,,0.0,,454.11,VWAP 4Y,396.37,VWAP 1Y,340.7,VWAP 3M,,manuale,0.0,,0.0,,0.0,,
SNDK,47.27,POC da Screener ARGO,0.0,,0.0,,683.67,VWAP 4Y,760.89,VWAP 1Y,1589.98,VWAP 3M,,manuale,0.0,,0.0,,0.0,,
STX,143.48,POC da Screener ARGO,0.0,,0.0,,210.29,VWAP 4Y,460.68,VWAP 1Y,856.3,VWAP 3M,,manuale,0.0,,0.0,,0.0,,
SHOP,64.59,POC da Screener ARGO,0.0,,0.0,,73.65,VWAP 4Y,132.32,VWAP 1Y,112.41,VWAP 3M,,manuale,0.0,,0.0,,0.0,,
SNPS,468.22,POC da Screener ARGO,0.0,,0.0,,464.74,VWAP 4Y,458.75,VWAP 1Y,458.01,VWAP 3M,,manuale,0.0,,0.0,,0.0,,
TER,104.22,POC da Screener ARGO,0.0,,0.0,,160.16,VWAP 4Y,255.47,VWAP 1Y,377.68,VWAP 3M,,manuale,0.0,,0.0,,0.0,,
WBD,10.81,POC da Screener ARGO,0.0,,0.0,,14.02,VWAP 4Y,22.43,VWAP 1Y,26.72,VWAP 3M,,manuale,0.0,,0.0,,0.0,,
WDAY,123.64,POC da Screener ARGO,0.0,,0.0,,202.46,VWAP 4Y,167.21,VWAP 1Y,132.68,VWAP 3M,,manuale,0.0,,0.0,,0.0,,
CAP.PA,96.7,POC da Screener ARGO,0.0,,0.0,,142.45,VWAP 4Y,108.88,VWAP 1Y,95.48,VWAP 3M,,manuale,0.0,,0.0,,0.0,,
DSY.PA,24.31,POC da Screener ARGO,0.0,,0.0,,30.14,VWAP 4Y,20.99,VWAP 1Y,18.79,VWAP 3M,,manuale,0.0,,0.0,,0.0,,
EDEN.PA,19.97,POC da Screener ARGO,0.0,,0.0,,31.0,VWAP 4Y,19.55,VWAP 1Y,22.75,VWAP 3M,,manuale,0.0,,0.0,,0.0,,
EL.PA,168.26,POC da Screener ARGO,0.0,,0.0,,199.62,VWAP 4Y,222.89,VWAP 1Y,172.11,VWAP 3M,,manuale,0.0,,0.0,,0.0,,
ERF.PA,57.48,POC da Screener ARGO,0.0,,0.0,,56.46,VWAP 4Y,63.42,VWAP 1Y,64.27,VWAP 3M,,manuale,0.0,,0.0,,0.0,,
RMS.PA,1648.25,POC da Screener ARGO,0.0,,0.0,,1913.53,VWAP 4Y,1851.12,VWAP 1Y,1634.55,VWAP 3M,,manuale,0.0,,0.0,,0.0,,
KER.PA,250.45,POC da Screener ARGO,0.0,,0.0,,303.23,VWAP 4Y,266.58,VWAP 1Y,253.89,VWAP 3M,,manuale,0.0,,0.0,,0.0,,
MC.PA,471.27,POC da Screener ARGO,0.0,,0.0,,604.15,VWAP 4Y,513.83,VWAP 1Y,482.47,VWAP 3M,,manuale,0.0,,0.0,,0.0,,
RI.PA,61.88,POC da Screener ARGO,0.0,,0.0,,108.52,VWAP 4Y,71.39,VWAP 1Y,61.78,VWAP 3M,,manuale,0.0,,0.0,,0.0,,
RNO.PA,26.52,POC da Screener ARGO,0.0,,0.0,,32.88,VWAP 4Y,29.52,VWAP 1Y,27.26,VWAP 3M,,manuale,0.0,,0.0,,0.0,,
STLAP.PA,4.95,POC da Screener ARGO,0.0,,0.0,,11.08,VWAP 4Y,7.1,VWAP 1Y,5.69,VWAP 3M,,manuale,0.0,,0.0,,0.0,,
STMPA.PA,24.05,POC da Screener ARGO,0.0,,0.0,,33.0,VWAP 4Y,35.59,VWAP 1Y,58.05,VWAP 3M,,manuale,0.0,,0.0,,0.0,,
TEP.PA,52.1,POC da Screener ARGO,0.0,,0.0,,96.6,VWAP 4Y,55.13,VWAP 1Y,57.62,VWAP 3M,,manuale,0.0,,0.0,,0.0,,
AOS,64.24,POC da Screener ARGO,0.0,,0.0,,66.76,VWAP 4Y,65.85,VWAP 1Y,59.44,VWAP 3M,,manuale,0.0,,0.0,,0.0,,
ACN,138.56,POC da Screener ARGO,0.0,,0.0,,256.24,VWAP 4Y,200.91,VWAP 1Y,147.97,VWAP 3M,,manuale,0.0,,0.0,,0.0,,
AES,14.23,POC da Screener ARGO,0.0,,0.0,,14.36,VWAP 4Y,14.05,VWAP 1Y,14.59,VWAP 3M,,manuale,0.0,,0.0,,0.0,,
AKAM,89.95,POC da Screener ARGO,0.0,,0.0,,98.23,VWAP 4Y,106.18,VWAP 1Y,132.62,VWAP 3M,,manuale,0.0,,0.0,,0.0,,
ALB,83.94,POC da Screener ARGO,0.0,,0.0,,128.5,VWAP 4Y,128.59,VWAP 1Y,156.41,VWAP 3M,,manuale,0.0,,0.0,,0.0,,
ARE,60.0,,56.0,,50.0,,80.45,VWAP 4Y,53.92,VWAP 1Y,48.81,VWAP 3M,screenshots/ARE_1785337156.webp,manuale,0.0,,0.0,,0.0,,
ALGN,175.95,POC da Screener ARGO,0.0,,0.0,,216.95,VWAP 4Y,157.83,VWAP 1Y,172.34,VWAP 3M,,manuale,0.0,,0.0,,0.0,,
AMT,173.59,POC da Screener ARGO,0.0,,0.0,,184.44,VWAP 4Y,178.9,VWAP 1Y,175.75,VWAP 3M,,manuale,0.0,,0.0,,0.0,,
APA,23.24,POC da Screener ARGO,0.0,,0.0,,28.13,VWAP 4Y,29.04,VWAP 1Y,36.03,VWAP 3M,,manuale,0.0,,0.0,,0.0,,
APO,129.31,POC da Screener ARGO,0.0,,0.0,,112.18,VWAP 4Y,125.58,VWAP 1Y,125.95,VWAP 3M,,manuale,0.0,,0.0,,0.0,,
APTV,67.71,POC da Screener ARGO,0.0,,0.0,,76.74,VWAP 4Y,71.06,VWAP 1Y,61.56,VWAP 3M,,manuale,0.0,,0.0,,0.0,,
ARES,119.75,POC da Screener ARGO,0.0,,0.0,,124.88,VWAP 4Y,135.66,VWAP 1Y,122.35,VWAP 3M,,manuale,0.0,,0.0,,0.0,,
AZO,2975.84,POC da Screener ARGO,0.0,,0.0,,3026.49,VWAP 4Y,3474.18,VWAP 1Y,3161.54,VWAP 3M,,manuale,0.0,,0.0,,0.0,,
BALL,55.4,POC da Screener ARGO,0.0,,0.0,,54.76,VWAP 4Y,55.19,VWAP 1Y,58.52,VWAP 3M,,manuale,0.0,,0.0,,0.0,,
BAX,19.56,POC da Screener ARGO,0.0,,0.0,,31.17,VWAP 4Y,20.16,VWAP 1Y,19.91,VWAP 3M,,manuale,0.0,,0.0,,0.0,,
TECH,71.4,POC da Screener ARGO,0.0,,0.0,,64.76,VWAP 4Y,60.13,VWAP 1Y,62.95,VWAP 3M,,manuale,0.0,,0.0,,0.0,,
BIIB,174.93,POC da Screener ARGO,0.0,,0.0,,202.11,VWAP 4Y,171.42,VWAP 1Y,199.09,VWAP 3M,,manuale,0.0,,0.0,,0.0,,
BA,215.66,POC da Screener ARGO,0.0,,0.0,,192.58,VWAP 4Y,218.9,VWAP 1Y,221.92,VWAP 3M,,manuale,0.0,,0.0,,0.0,,
BR,141.74,POC da Screener ARGO,0.0,,0.0,,182.22,VWAP 4Y,182.51,VWAP 1Y,146.5,VWAP 3M,,manuale,0.0,,0.0,,0.0,,
BRO,58.38,POC da Screener ARGO,0.0,,0.0,,81.04,VWAP 4Y,74.74,VWAP 1Y,61.24,VWAP 3M,,manuale,0.0,,0.0,,0.0,,
BF-B,26.48,POC da Screener ARGO,0.0,,0.0,,36.92,VWAP 4Y,27.07,VWAP 1Y,26.18,VWAP 3M,,manuale,0.0,,0.0,,0.0,,
BLDR,74.37,POC da Screener ARGO,0.0,,0.0,,118.28,VWAP 4Y,102.05,VWAP 1Y,76.85,VWAP 3M,,manuale,0.0,,0.0,,0.0,,
BXP,68.47,POC da Screener ARGO,0.0,,0.0,,59.51,VWAP 4Y,63.1,VWAP 1Y,63.69,VWAP 3M,,manuale,0.0,,0.0,,0.0,,
CCL,15.48,POC da Screener ARGO,0.0,,0.0,,17.05,VWAP 4Y,28.03,VWAP 1Y,27.12,VWAP 3M,,manuale,0.0,,0.0,,0.0,,
CNC,63.6,POC da Screener ARGO,0.0,,0.0,,54.52,VWAP 4Y,39.5,VWAP 1Y,61.03,VWAP 3M,,manuale,0.0,,0.0,,0.0,,
CRL,168.73,POC da Screener ARGO,0.0,,0.0,,185.55,VWAP 4Y,178.73,VWAP 1Y,194.35,VWAP 3M,,manuale,0.0,,0.0,,0.0,,
CHTR,124.21,POC da Screener ARGO,0.0,,0.0,,295.94,VWAP 4Y,197.88,VWAP 1Y,140.43,VWAP 3M,,manuale,0.0,,0.0,,0.0,,
CMG,33.24,POC da Screener ARGO,0.0,,0.0,,42.49,VWAP 4Y,35.98,VWAP 1Y,32.51,VWAP 3M,,manuale,0.0,,0.0,,0.0,,
CIEN,45.75,POC da Screener ARGO,0.0,,0.0,,139.16,VWAP 4Y,299.59,VWAP 1Y,480.61,VWAP 3M,,manuale,0.0,,0.0,,0.0,,
CLX,93.17,POC da Screener ARGO,0.0,,0.0,,122.71,VWAP 4Y,104.53,VWAP 1Y,93.51,VWAP 3M,,manuale,0.0,,0.0,,0.0,,
CTSH,42.32,POC da Screener ARGO,0.0,,0.0,,64.67,VWAP 4Y,60.56,VWAP 1Y,47.26,VWAP 3M,,manuale,0.0,,0.0,,0.0,,
COHR,64.61,POC da Screener ARGO,0.0,,0.0,,135.4,VWAP 4Y,235.92,VWAP 1Y,352.55,VWAP 3M,,manuale,0.0,,0.0,,0.0,,
STZ,149.34,POC da Screener ARGO,0.0,,0.0,,186.62,VWAP 4Y,144.4,VWAP 1Y,140.44,VWAP 3M,,manuale,0.0,,0.0,,0.0,,
COO,71.71,POC da Screener ARGO,0.0,,0.0,,80.82,VWAP 4Y,71.84,VWAP 1Y,66.03,VWAP 3M,,manuale,0.0,,0.0,,0.0,,
GLW,46.5,POC da Screener ARGO,0.0,,0.0,,78.16,VWAP 4Y,136.72,VWAP 1Y,185.65,VWAP 3M,,manuale,0.0,,0.0,,0.0,,
CSGP,28.14,POC da Screener ARGO,0.0,,0.0,,66.56,VWAP 4Y,50.27,VWAP 1Y,31.49,VWAP 3M,,manuale,0.0,,0.0,,0.0,,
CCI,73.56,POC da Screener ARGO,0.0,,0.0,,94.03,VWAP 4Y,87.02,VWAP 1Y,84.26,VWAP 3M,,manuale,0.0,,0.0,,0.0,,
DHR,194.89,POC da Screener ARGO,0.0,,0.0,,215.8,VWAP 4Y,199.87,VWAP 1Y,182.67,VWAP 3M,,manuale,0.0,,0.0,,0.0,,
DECK,103.03,POC da Screener ARGO,0.0,,0.0,,109.73,VWAP 4Y,101.94,VWAP 1Y,103.84,VWAP 3M,,manuale,0.0,,0.0,,0.0,,
DVN,43.45,POC da Screener ARGO,0.0,,0.0,,42.89,VWAP 4Y,41.39,VWAP 1Y,44.84,VWAP 3M,,manuale,0.0,,0.0,,0.0,,
DLTR,98.22,POC da Screener ARGO,0.0,,0.0,,108.38,VWAP 4Y,109.36,VWAP 1Y,110.02,VWAP 3M,,manuale,0.0,,0.0,,0.0,,
DPZ,403.74,POC da Screener ARGO,0.0,,0.0,,383.24,VWAP 4Y,375.69,VWAP 1Y,315.62,VWAP 3M,,manuale,0.0,,0.0,,0.0,,
DOW,22.64,POC da Screener ARGO,0.0,,0.0,,34.79,VWAP 4Y,28.48,VWAP 1Y,33.02,VWAP 3M,,manuale,0.0,,0.0,,0.0,,
ECHO,24.45,POC da Screener ARGO,0.0,,0.0,,68.8,VWAP 4Y,100.14,VWAP 1Y,112.73,VWAP 3M,,manuale,0.0,,0.0,,0.0,,
EW,77.08,POC da Screener ARGO,0.0,,0.0,,77.99,VWAP 4Y,82.37,VWAP 1Y,86.24,VWAP 3M,,manuale,0.0,,0.0,,0.0,,
ELV,446.13,POC da Screener ARGO,0.0,,0.0,,400.34,VWAP 4Y,335.45,VWAP 1Y,392.9,VWAP 3M,,manuale,0.0,,0.0,,0.0,,
EME,109.18,POC da Screener ARGO,0.0,,0.0,,416.79,VWAP 4Y,710.48,VWAP 1Y,821.3,VWAP 3M,,manuale,0.0,,0.0,,0.0,,
ERIE,225.68,POC da Screener ARGO,0.0,,0.0,,308.26,VWAP 4Y,264.96,VWAP 1Y,225.74,VWAP 3M,,manuale,0.0,,0.0,,0.0,,
EL,85.03,POC da Screener ARGO,0.0,,0.0,,110.72,VWAP 4Y,90.68,VWAP 1Y,83.45,VWAP 3M,,manuale,0.0,,0.0,,0.0,,
EXE,88.48,POC da Screener ARGO,0.0,,0.0,,91.73,VWAP 4Y,100.78,VWAP 1Y,91.58,VWAP 3M,,manuale,0.0,,0.0,,0.0,,
FDS,256.27,POC da Screener ARGO,0.0,,0.0,,335.6,VWAP 4Y,254.49,VWAP 1Y,238.8,VWAP 3M,,manuale,0.0,,0.0,,0.0,,
FICO,1253.68,POC da Screener ARGO,0.0,,0.0,,1258.39,VWAP 4Y,1372.69,VWAP 1Y,1181.4,VWAP 3M,,manuale,0.0,,0.0,,0.0,,
FIS,49.89,POC da Screener ARGO,0.0,,0.0,,60.88,VWAP 4Y,52.3,VWAP 1Y,41.67,VWAP 3M,,manuale,0.0,,0.0,,0.0,,
FSLR,196.61,POC da Screener ARGO,0.0,,0.0,,185.53,VWAP 4Y,228.68,VWAP 1Y,245.65,VWAP 3M,,manuale,0.0,,0.0,,0.0,,
FISV,51.55,POC da Screener ARGO,0.0,,0.0,,111.77,VWAP 4Y,71.51,VWAP 1Y,52.95,VWAP 3M,,manuale,0.0,,0.0,,0.0,,
FLEX,19.41,POC da Screener ARGO,0.0,,0.0,,41.39,VWAP 4Y,90.34,VWAP 1Y,138.33,VWAP 3M,,manuale,0.0,,0.0,,0.0,,
IT,157.2,POC da Screener ARGO,0.0,,0.0,,295.81,VWAP 4Y,193.62,VWAP 1Y,147.35,VWAP 3M,,manuale,0.0,,0.0,,0.0,,
GNRC,150.38,POC da Screener ARGO,0.0,,0.0,,147.42,VWAP 4Y,197.53,VWAP 1Y,252.12,VWAP 3M,,manuale,0.0,,0.0,,0.0,,
GPN,74.71,POC da Screener ARGO,0.0,,0.0,,94.47,VWAP 4Y,75.18,VWAP 1Y,71.7,VWAP 3M,,manuale,0.0,,0.0,,0.0,,
GDDY,76.0,POC da Screener ARGO,0.0,,0.0,,116.41,VWAP 4Y,105.63,VWAP 1Y,85.83,VWAP 3M,,manuale,0.0,,0.0,,0.0,,
HAL,34.96,POC da Screener ARGO,0.0,,0.0,,29.89,VWAP 4Y,31.29,VWAP 1Y,37.21,VWAP 3M,,manuale,0.0,,0.0,,0.0,,
HCA,430.0,POC da Screener ARGO,390.0,,380.0,,326.61,VWAP 4Y,437.32,VWAP 1Y,393.11,VWAP 3M,,manuale,0.0,,0.0,,0.0,,
HSY,181.38,POC da Screener ARGO,0.0,,0.0,,185.41,VWAP 4Y,189.17,VWAP 1Y,181.4,VWAP 3M,,manuale,0.0,,0.0,,0.0,,
HRL,24.4,POC da Screener ARGO,0.0,,0.0,,28.09,VWAP 4Y,23.06,VWAP 1Y,23.02,VWAP 3M,,manuale,0.0,,0.0,,0.0,,
HUM,255.21,POC da Screener ARGO,0.0,,0.0,,329.03,VWAP 4Y,256.23,VWAP 1Y,337.67,VWAP 3M,,manuale,0.0,,0.0,,0.0,,
HII,268.07,POC da Screener ARGO,0.0,,0.0,,248.66,VWAP 4Y,332.27,VWAP 1Y,302.81,VWAP 3M,,manuale,0.0,,0.0,,0.0,,
IBM,215.68,POC da Screener ARGO,0.0,,0.0,,198.64,VWAP 4Y,260.65,VWAP 1Y,251.82,VWAP 3M,,manuale,0.0,,0.0,,0.0,,
PODD,165.91,POC da Screener ARGO,0.0,,0.0,,231.06,VWAP 4Y,227.36,VWAP 1Y,155.67,VWAP 3M,,manuale,0.0,,0.0,,0.0,,
IFF,75.63,POC da Screener ARGO,0.0,,0.0,,77.67,VWAP 4Y,69.19,VWAP 1Y,76.34,VWAP 3M,,manuale,0.0,,0.0,,0.0,,
JBL,61.77,POC da Screener ARGO,0.0,,0.0,,152.39,VWAP 4Y,264.36,VWAP 1Y,352.15,VWAP 3M,,manuale,0.0,,0.0,,0.0,,
KKR,91.44,POC da Screener ARGO,0.0,,0.0,,97.46,VWAP 4Y,109.69,VWAP 1Y,96.64,VWAP 3M,,manuale,0.0,,0.0,,0.0,,
LVS,52.46,POC da Screener ARGO,0.0,,0.0,,47.17,VWAP 4Y,55.05,VWAP 1Y,49.1,VWAP 3M,,manuale,0.0,,0.0,,0.0,,
LDOS,104.64,POC da Screener ARGO,0.0,,0.0,,131.35,VWAP 4Y,155.71,VWAP 1Y,117.13,VWAP 3M,,manuale,0.0,,0.0,,0.0,,
LEN,80.33,POC da Screener ARGO,0.0,,0.0,,114.26,VWAP 4Y,110.41,VWAP 1Y,87.53,VWAP 3M,,manuale,0.0,,0.0,,0.0,,
LULU,116.0,POC da Screener ARGO,0.0,,0.0,,268.4,VWAP 4Y,166.79,VWAP 1Y,120.5,VWAP 3M,,manuale,0.0,,0.0,,0.0,,
LYB,53.98,POC da Screener ARGO,0.0,,0.0,,64.24,VWAP 4Y,56.92,VWAP 1Y,64.01,VWAP 3M,,manuale,0.0,,0.0,,0.0,,
MKC,46.43,POC da Screener ARGO,0.0,,0.0,,65.92,VWAP 4Y,57.79,VWAP 1Y,48.68,VWAP 3M,,manuale,0.0,,0.0,,0.0,,
MCHP,73.4,POC da Screener ARGO,0.0,,0.0,,69.88,VWAP 4Y,74.44,VWAP 1Y,91.17,VWAP 3M,,manuale,0.0,,0.0,,0.0,,
MAA,129.98,POC da Screener ARGO,0.0,,0.0,,132.27,VWAP 4Y,130.21,VWAP 1Y,132.58,VWAP 3M,,manuale,0.0,,0.0,,0.0,,
TAP,44.74,POC da Screener ARGO,0.0,,0.0,,49.87,VWAP 4Y,44.33,VWAP 1Y,40.58,VWAP 3M,,manuale,0.0,,0.0,,0.0,,
MOS,22.16,POC da Screener ARGO,0.0,,0.0,,30.43,VWAP 4Y,25.68,VWAP 1Y,22.18,VWAP 3M,,manuale,0.0,,0.0,,0.0,,
NEM,41.38,POC da Screener ARGO,0.0,,0.0,,55.13,VWAP 4Y,97.01,VWAP 1Y,101.85,VWAP 3M,,manuale,0.0,,0.0,,0.0,,
NKE,43.13,POC da Screener ARGO,0.0,,0.0,,72.95,VWAP 4Y,55.08,VWAP 1Y,43.21,VWAP 3M,,manuale,0.0,,0.0,,0.0,,
NCLH,18.86,POC da Screener ARGO,0.0,,0.0,,18.58,VWAP 4Y,21.0,VWAP 1Y,18.47,VWAP 3M,,manuale,0.0,,0.0,,0.0,,
NRG,33.74,POC da Screener ARGO,0.0,,0.0,,79.38,VWAP 4Y,153.34,VWAP 1Y,137.44,VWAP 3M,,manuale,0.0,,0.0,,0.0,,
NVR,6459.19,POC da Screener ARGO,0.0,,0.0,,6825.81,VWAP 4Y,7101.54,VWAP 1Y,6301.43,VWAP 3M,,manuale,0.0,,0.0,,0.0,,
OXY,54.83,POC da Screener ARGO,0.0,,0.0,,54.14,VWAP 4Y,50.09,VWAP 1Y,55.12,VWAP 3M,,manuale,0.0,,0.0,,0.0,,
ON,70.49,POC da Screener ARGO,0.0,,0.0,,69.81,VWAP 4Y,73.34,VWAP 1Y,105.88,VWAP 3M,,manuale,0.0,,0.0,,0.0,,
ORCL,114.56,POC da Screener ARGO,0.0,,0.0,,160.91,VWAP 4Y,196.21,VWAP 1Y,164.79,VWAP 3M,,manuale,0.0,,0.0,,0.0,,
OTIS,72.64,POC da Screener ARGO,0.0,,0.0,,84.57,VWAP 4Y,82.25,VWAP 1Y,72.68,VWAP 3M,,manuale,0.0,,0.0,,0.0,,
PSKY,8.03,POC da Screener ARGO,0.0,,0.0,,13.56,VWAP 4Y,12.43,VWAP 1Y,9.85,VWAP 3M,,manuale,0.0,,0.0,,0.0,,
PNR,63.26,POC da Screener ARGO,0.0,,0.0,,76.35,VWAP 4Y,89.3,VWAP 1Y,71.29,VWAP 3M,,manuale,0.0,,0.0,,0.0,,
PFE,23.44,POC da Screener ARGO,0.0,,0.0,,25.63,VWAP 4Y,24.37,VWAP 1Y,24.8,VWAP 3M,,manuale,0.0,,0.0,,0.0,,
PCG,16.47,POC da Screener ARGO,0.0,,0.0,,16.17,VWAP 4Y,16.2,VWAP 1Y,16.8,VWAP 3M,,manuale,0.0,,0.0,,0.0,,
PPG,121.98,POC da Screener ARGO,0.0,,0.0,,116.78,VWAP 4Y,108.07,VWAP 1Y,114.15,VWAP 3M,,manuale,0.0,,0.0,,0.0,,
PTC,142.05,POC da Screener ARGO,0.0,,0.0,,157.18,VWAP 4Y,156.64,VWAP 1Y,128.35,VWAP 3M,,manuale,0.0,,0.0,,0.0,,
PWR,119.09,POC da Screener ARGO,0.0,,0.0,,310.93,VWAP 4Y,534.4,VWAP 1Y,698.44,VWAP 3M,,manuale,0.0,,0.0,,0.0,,
Q,114.91,POC da Screener ARGO,0.0,,0.0,,116.13,VWAP 4Y,116.13,VWAP 1Y,150.53,VWAP 3M,,manuale,0.0,,0.0,,0.0,,
RMD,209.41,POC da Screener ARGO,0.0,,0.0,,212.37,VWAP 4Y,236.56,VWAP 1Y,200.58,VWAP 3M,,manuale,0.0,,0.0,,0.0,,
RVTY,100.15,POC da Screener ARGO,0.0,,0.0,,108.0,VWAP 4Y,97.34,VWAP 1Y,103.05,VWAP 3M,,manuale,0.0,,0.0,,0.0,,
HOOD,18.86,POC da Screener ARGO,0.0,,0.0,,60.71,VWAP 4Y,103.23,VWAP 1Y,91.95,VWAP 3M,,manuale,0.0,,0.0,,0.0,,
ROL,38.81,POC da Screener ARGO,0.0,,0.0,,46.61,VWAP 4Y,53.2,VWAP 1Y,45.79,VWAP 3M,,manuale,0.0,,0.0,,0.0,,
CRM,157.46,POC da Screener ARGO,0.0,,0.0,,220.38,VWAP 4Y,203.84,VWAP 1Y,171.95,VWAP 3M,,manuale,0.0,,0.0,,0.0,,
SBAC,190.76,POC da Screener ARGO,0.0,,0.0,,213.99,VWAP 4Y,194.99,VWAP 1Y,194.72,VWAP 3M,,manuale,0.0,,0.0,,0.0,,
NOW,109.02,POC da Screener ARGO,0.0,,0.0,,129.4,VWAP 4Y,119.81,VWAP 1Y,103.97,VWAP 3M,,manuale,0.0,,0.0,,0.0,,
SWKS,68.24,POC da Screener ARGO,0.0,,0.0,,77.9,VWAP 4Y,65.47,VWAP 1Y,68.24,VWAP 3M,,manuale,0.0,,0.0,,0.0,,
SMCI,28.79,POC da Screener ARGO,0.0,,0.0,,47.17,VWAP 4Y,35.42,VWAP 1Y,32.71,VWAP 3M,,manuale,0.0,,0.0,,0.0,,
TROW,101.3,POC da Screener ARGO,0.0,,0.0,,97.17,VWAP 4Y,99.88,VWAP 1Y,108.47,VWAP 3M,,manuale,0.0,,0.0,,0.0,,
TGT,117.57,POC da Screener ARGO,0.0,,0.0,,117.89,VWAP 4Y,104.64,VWAP 1Y,129.4,VWAP 3M,,manuale,0.0,,0.0,,0.0,,
TSLA,250.69,POC da Screener ARGO,0.0,,0.0,,265.11,VWAP 4Y,405.29,VWAP 1Y,397.8,VWAP 3M,,manuale,0.0,,0.0,,0.0,,
TPL,164.1,POC da Screener ARGO,0.0,,0.0,,310.86,VWAP 4Y,375.18,VWAP 1Y,397.21,VWAP 3M,,manuale,0.0,,0.0,,0.0,,
TTD,18.25,POC da Screener ARGO,0.0,,0.0,,53.45,VWAP 4Y,33.32,VWAP 1Y,20.3,VWAP 3M,,manuale,0.0,,0.0,,0.0,,
TRMB,55.95,POC da Screener ARGO,0.0,,0.0,,61.59,VWAP 4Y,67.06,VWAP 1Y,54.42,VWAP 3M,,manuale,0.0,,0.0,,0.0,,
TSN,53.87,POC da Screener ARGO,0.0,,0.0,,54.58,VWAP 4Y,57.93,VWAP 1Y,60.22,VWAP 3M,,manuale,0.0,,0.0,,0.0,,
UBER,72.57,POC da Screener ARGO,0.0,,0.0,,60.6,VWAP 4Y,81.55,VWAP 1Y,72.69,VWAP 3M,,manuale,0.0,,0.0,,0.0,,
ULTA,522.14,POC da Screener ARGO,0.0,,0.0,,448.72,VWAP 4Y,543.37,VWAP 1Y,485.21,VWAP 3M,,manuale,0.0,,0.0,,0.0,,
UPS,96.76,POC da Screener ARGO,0.0,,0.0,,114.5,VWAP 4Y,95.17,VWAP 1Y,105.73,VWAP 3M,,manuale,0.0,,0.0,,0.0,,
UNH,331.45,POC da Screener ARGO,0.0,,0.0,,385.82,VWAP 4Y,320.43,VWAP 1Y,401.19,VWAP 3M,,manuale,0.0,,0.0,,0.0,,
UHS,147.28,POC da Screener ARGO,0.0,,0.0,,166.26,VWAP 4Y,185.68,VWAP 1Y,154.52,VWAP 3M,,manuale,0.0,,0.0,,0.0,,
VEEV,171.06,POC da Screener ARGO,0.0,,0.0,,205.13,VWAP 4Y,204.64,VWAP 1Y,171.86,VWAP 3M,,manuale,0.0,,0.0,,0.0,,
VRSK,181.27,POC da Screener ARGO,0.0,,0.0,,220.57,VWAP 4Y,202.76,VWAP 1Y,181.04,VWAP 3M,,manuale,0.0,,0.0,,0.0,,
VRT,14.1,POC da Screener ARGO,0.0,,0.0,,108.87,VWAP 4Y,220.83,VWAP 1Y,313.64,VWAP 3M,,manuale,0.0,,0.0,,0.0,,
VTRS,8.5,POC da Screener ARGO,0.0,,0.0,,10.29,VWAP 4Y,13.09,VWAP 1Y,16.34,VWAP 3M,,manuale,0.0,,0.0,,0.0,,
VST,22.11,POC da Screener ARGO,0.0,,0.0,,102.98,VWAP 4Y,170.99,VWAP 1Y,154.21,VWAP 3M,,manuale,0.0,,0.0,,0.0,,
DIS,97.42,POC da Screener ARGO,0.0,,0.0,,98.18,VWAP 4Y,105.55,VWAP 1Y,100.09,VWAP 3M,,manuale,0.0,,0.0,,0.0,,
WST,241.46,POC da Screener ARGO,0.0,,0.0,,287.17,VWAP 4Y,277.39,VWAP 1Y,331.05,VWAP 3M,,manuale,0.0,,0.0,,0.0,,
WY,24.33,POC da Screener ARGO,0.0,,0.0,,26.87,VWAP 4Y,23.95,VWAP 1Y,23.99,VWAP 3M,,manuale,0.0,,0.0,,0.0,,
WYNN,105.66,POC da Screener ARGO,0.0,,0.0,,91.13,VWAP 4Y,111.79,VWAP 1Y,100.74,VWAP 3M,,manuale,0.0,,0.0,,0.0,,
ZBRA,254.67,POC da Screener ARGO,0.0,,0.0,,278.88,VWAP 4Y,257.04,VWAP 1Y,247.47,VWAP 3M,,manuale,0.0,,0.0,,0.0,,
ZBH,89.03,POC da Screener ARGO,0.0,,0.0,,105.19,VWAP 4Y,91.41,VWAP 1Y,86.9,VWAP 3M,,manuale,0.0,,0.0,,0.0,,
ZTS,76.77,POC da Screener ARGO,0.0,,0.0,,140.68,VWAP 4Y,109.18,VWAP 1Y,79.44,VWAP 3M,,manuale,0.0,,0.0,,0.0,,
ADS.DE,180.12,POC da Screener ARGO,0.0,,0.0,,169.72,VWAP 4Y,158.69,VWAP 1Y,167.17,VWAP 3M,,manuale,0.0,,0.0,,0.0,,
BAYN.DE,49.87,POC da Screener ARGO,0.0,,0.0,,34.41,VWAP 4Y,37.14,VWAP 1Y,42.21,VWAP 3M,,manuale,0.0,,0.0,,0.0,,
BEI.DE,77.45,POC da Screener ARGO,0.0,,0.0,,107.09,VWAP 4Y,84.7,VWAP 1Y,73.28,VWAP 3M,,manuale,0.0,,0.0,,0.0,,
BMW.DE,60.3,POC da Screener ARGO,0.0,,0.0,,74.79,VWAP 4Y,75.18,VWAP 1Y,65.14,VWAP 3M,,manuale,0.0,,0.0,,0.0,,
CON.DE,54.7,POC da Screener ARGO,0.0,,0.0,,47.4,VWAP 4Y,62.29,VWAP 1Y,70.79,VWAP 3M,,manuale,0.0,,0.0,,0.0,,
FRE.DE,33.42,POC da Screener ARGO,0.0,,0.0,,30.97,VWAP 4Y,43.46,VWAP 1Y,39.4,VWAP 3M,,manuale,0.0,,0.0,,0.0,,
FME.DE,41.18,POC da Screener ARGO,0.0,,0.0,,36.42,VWAP 4Y,39.1,VWAP 1Y,39.12,VWAP 3M,,manuale,0.0,,0.0,,0.0,,
HEI.DE,66.86,POC da Screener ARGO,0.0,,0.0,,113.09,VWAP 4Y,190.37,VWAP 1Y,177.09,VWAP 3M,,manuale,0.0,,0.0,,0.0,,
HEN3.DE,77.66,POC da Screener ARGO,0.0,,0.0,,67.52,VWAP 4Y,69.14,VWAP 1Y,69.52,VWAP 3M,,manuale,0.0,,0.0,,0.0,,
IFX.DE,34.51,POC da Screener ARGO,0.0,,0.0,,36.42,VWAP 4Y,49.34,VWAP 1Y,72.44,VWAP 3M,,manuale,0.0,,0.0,,0.0,,
MBG.DE,49.84,POC da Screener ARGO,0.0,,0.0,,50.69,VWAP 4Y,50.9,VWAP 1Y,47.64,VWAP 3M,,manuale,0.0,,0.0,,0.0,,
MRK.DE,135.63,POC da Screener ARGO,0.0,,0.0,,138.27,VWAP 4Y,118.2,VWAP 1Y,132.9,VWAP 3M,,manuale,0.0,,0.0,,0.0,,
PAH3.DE,27.17,POC da Screener ARGO,0.0,,0.0,,38.82,VWAP 4Y,32.37,VWAP 1Y,29.11,VWAP 3M,,manuale,0.0,,0.0,,0.0,,
QIA.DE,40.0,POC da Screener ARGO,0.0,,0.0,,38.88,VWAP 4Y,36.83,VWAP 1Y,32.35,VWAP 3M,,manuale,0.0,,0.0,,0.0,,
RHM.DE,87.11,POC da Screener ARGO,0.0,,0.0,,824.45,VWAP 4Y,1506.08,VWAP 1Y,1135.49,VWAP 3M,,manuale,0.0,,0.0,,0.0,,
SAP.DE,127.77,POC da Screener ARGO,0.0,,0.0,,162.74,VWAP 4Y,171.77,VWAP 1Y,145.63,VWAP 3M,,manuale,0.0,,0.0,,0.0,,
G24.DE,74.29,POC da Screener ARGO,0.0,,0.0,,73.38,VWAP 4Y,80.27,VWAP 1Y,72.48,VWAP 3M,,manuale,0.0,,0.0,,0.0,,
ENR.DE,23.36,POC da Screener ARGO,0.0,,0.0,,48.4,VWAP 4Y,135.33,VWAP 1Y,161.33,VWAP 3M,,manuale,0.0,,0.0,,0.0,,
SHL.DE,34.5,POC da Screener ARGO,0.0,,0.0,,45.34,VWAP 4Y,40.09,VWAP 1Y,34.64,VWAP 3M,,manuale,0.0,,0.0,,0.0,,
SY1.DE,93.71,POC da Screener ARGO,0.0,,0.0,,90.79,VWAP 4Y,75.38,VWAP 1Y,82.29,VWAP 3M,,manuale,0.0,,0.0,,0.0,,
VOW3.DE,70.95,POC da Screener ARGO,0.0,,0.0,,89.53,VWAP 4Y,86.91,VWAP 1Y,78.59,VWAP 3M,,manuale,0.0,,0.0,,0.0,,
VNA.DE,21.11,POC da Screener ARGO,0.0,,0.0,,21.94,VWAP 4Y,23.02,VWAP 1Y,21.01,VWAP 3M,,manuale,0.0,,0.0,,0.0,,
ZAL.DE,24.74,POC da Screener ARGO,0.0,,0.0,,26.06,VWAP 4Y,23.39,VWAP 1Y,23.55,VWAP 3M,,manuale,0.0,,0.0,,0.0,,
AVIO.MI,34.41,POC da Screener ARGO,0.0,,0.0,,30.43,VWAP 4Y,35.16,VWAP 1Y,34.53,VWAP 3M,,manuale,0.0,,0.0,,0.0,,
BMPS.MI,3.84,POC da Screener ARGO,0.0,,0.0,,5.12,VWAP 4Y,7.86,VWAP 1Y,9.8,VWAP 3M,,manuale,0.0,,0.0,,0.0,,
BC.MI,83.04,POC da Screener ARGO,0.0,,0.0,,88.26,VWAP 4Y,86.33,VWAP 1Y,83.32,VWAP 3M,,manuale,0.0,,0.0,,0.0,,
CPR.MI,5.64,POC da Screener ARGO,0.0,,0.0,,6.93,VWAP 4Y,5.81,VWAP 1Y,5.59,VWAP 3M,,manuale,0.0,,0.0,,0.0,,
DIA.MI,69.11,POC da Screener ARGO,0.0,,0.0,,84.29,VWAP 4Y,68.27,VWAP 1Y,67.39,VWAP 3M,,manuale,0.0,,0.0,,0.0,,
RACE.MI,298.8,POC da Screener ARGO,0.0,,0.0,,326.35,VWAP 4Y,322.55,VWAP 1Y,307.09,VWAP 3M,,manuale,0.0,,0.0,,0.0,,
FCT.MI,4.87,POC da Screener ARGO,0.0,,0.0,,11.77,VWAP 4Y,15.35,VWAP 1Y,11.61,VWAP 3M,,manuale,0.0,,0.0,,0.0,,
MONC.MI,51.57,POC da Screener ARGO,0.0,,0.0,,52.11,VWAP 4Y,51.16,VWAP 1Y,51.49,VWAP 3M,,manuale,0.0,,0.0,,0.0,,
NEXI.MI,3.52,POC da Screener ARGO,4.25,,5.5,,4.52,VWAP 4Y,3.48,VWAP 1Y,3.65,VWAP 3M,,manuale,0.0,,0.0,,0.0,,
PRY.MI,84.46,POC da Screener ARGO,0.0,,0.0,,63.5,VWAP 4Y,104.19,VWAP 1Y,141.2,VWAP 3M,,manuale,0.0,,0.0,,0.0,,
SPM.MI,1.3,POC da Screener ARGO,0.0,,0.0,,1.89,VWAP 4Y,3.05,VWAP 1Y,4.37,VWAP 3M,,manuale,0.0,,0.0,,0.0,,
STLAM.MI,4.98,POC da Screener ARGO,0.0,,0.0,,10.23,VWAP 4Y,7.22,VWAP 1Y,5.71,VWAP 3M,,manuale,0.0,,0.0,,0.0,,
STMMI.MI,24.27,POC da Screener ARGO,0.0,,0.0,,32.78,VWAP 4Y,34.39,VWAP 1Y,57.89,VWAP 3M,,manuale,0.0,,0.0,,0.0,,
AVY,0.0,,0.0,,0.0,,176.91,VWAP 4Y,169.41,VWAP 1Y,160.12,VWAP 3M,,auto,171.1399,POC 2020,158.6746,POC 2026,0.0,,S&P 500
HUBS,240.0,,285.0,,190.0,,0.0,,0.0,,0.0,,screenshots/HUBS_1785331538.webp,manuale,0.0,,0.0,,0.0,,
HONA,0.0,,0.0,,0.0,,0.0,VWAP 4Y,0.0,VWAP 1Y,0.0,VWAP 3M,,auto,209.4641,POC 2026,0.0,,0.0,,S&P 500
LUV,0.0,,0.0,,0.0,,31.91,VWAP 4Y,39.27,VWAP 1Y,44.64,VWAP 3M,,auto,31.3939,POC 2020,0.0,,0.0,,S&P 500
FMC,2.5,,6.0,,13.4,,0.0,,0.0,,0.0,,,manuale,0.0,,0.0,,0.0,,
FIG,19.0,,21.5,,27.0,,0.0,,0.0,,0.0,,,manuale,0.0,,0.0,,0.0,,
FIVN,25.75,,28.0,,18.0,,0.0,,0.0,,0.0,,screenshots/FIVN_1785337122.webp,manuale,0.0,,0.0,,0.0,,
YMM,9.5,,8.5,,7.5,,0.0,,0.0,,0.0,,screenshots/YMM_1785337238.webp,manuale,0.0,,0.0,,0.0,,
MDLZ,64.0,,58.0,,55.0,,0.0,,0.0,,0.0,,,manuale,0.0,,0.0,,0.0,,
CARR,0.0,,0.0,,0.0,,56.64,VWAP 4Y,60.58,VWAP 1Y,67.1,VWAP 3M,,auto,53.2496,POC 2022,63.3006,POC 2026,0.0,,S&P 500
NXPI,0.0,,0.0,,0.0,,211.44,VWAP 4Y,242.13,VWAP 1Y,292.02,VWAP 3M,,auto,183.7715,POC 2020,225.6065,POC 2022,0.0,,NASDAQ 100
AMP.MI,0.0,,0.0,,0.0,,18.42,VWAP 4Y,11.75,VWAP 1Y,10.63,VWAP 3M,,auto,10.5069,POC 2022,0.0,,0.0,,FTSE MIB (Italia)
SAN.PA,0.0,,0.0,,0.0,,80.11,VWAP 4Y,76.81,VWAP 1Y,75.31,VWAP 3M,,auto,75.2121,POC 2018,56.0674,POC 2016,0.0,,CAC 40 (Francia)
